idBien;idIndividu;ordreSuccession;date1reconnaissanceMin;date2reconnaissanceMax;sureteDate
BD_1;1;1;1366;1368;S
BD_2;2;1;1366;1368;S
BD_3;3;1;1366;1368;S
BD_4;4;1;1366;1368;S
BD_4;5;1;1366;1368;S
BD_5;7;1;1366;1368;S
BD_5;6;1;1366;1368;S
BD_6;8;1;1366;1368;S
BD_7;9;1;1366;1368;S
BD_8;9;1;1366;1368;S
BD_9;10;1;1366;1368;S
BD_10;11;1;1366;1368;S
BD_11;12;1;1366;1368;S
BD_12;13;1;1366;1368;S
BD_13;14;1;1366;1368;S
BD_14;15;1;1366;1368;S
BD_15;16;1;1366;1368;S
BD_16;17;1;1366;1368;S
BD_17;18;1;1366;1368;S
BD_18;19;1;1366;1368;S
BD_19;21;1;1366;1368;S
BD_19;20;1;1366;1368;S
BD_20;21;1;1366;1368;S
BD_20;20;1;1366;1368;S
BD_21;22;1;1366;1368;S
BD_22;22;1;1366;1368;S
BD_23;23;1;1366;1368;S
BD_24;24;1;1366;1368;S
BD_25;25;1;1366;1368;S
BD_26;26;1;1366;1368;S
BD_27;26;1;1366;1368;S
BD_28;27;1;1366;1368;S
BD_29;28;1;1366;1368;S
BD_29;29;1;1366;1368;S
BD_29;30;1;1366;1368;S
BD_30;31;1;1366;1368;S
BD_31;32;1;1366;1368;S
BD_32;35;1;1366;1368;S
BD_32;33;1;1366;1368;S
BD_32;32;1;1366;1368;S
BD_32;34;1;1366;1368;S
BD_33;35;1;1366;1368;S
BD_33;34;1;1366;1368;S
BD_33;33;1;1366;1368;S
BD_34;36;1;1366;1368;S
BD_35;37;1;1366;1368;S
BD_36;38;1;1366;1368;S
BD_37;32;1;1366;1368;S
BD_38;39;1;1366;1368;S
BD_39;40;1;1366;1368;S
BD_40;41;1;1366;1368;S
BD_41;42;1;1366;1368;S
BD_42;43;1;1366;1368;S
BD_43;43;1;1366;1368;S
BD_44;30;1;1366;1368;S
BD_44;28;1;1366;1368;S
BD_44;29;1;1366;1368;S
BD_45;44;1;1366;1368;S
BD_45;45;1;1366;1368;S
BD_46;46;1;1366;1368;S
BD_47;47;1;1366;1368;S
BD_48;49;1;1366;1368;S
BD_48;48;1;1366;1368;S
BD_49;50;1;1366;1368;S
BD_50;34;1;1366;1368;S
BD_51;51;1;1366;1368;S
BD_52;52;1;1366;1368;S
BD_53;53;1;1366;1368;S
BD_53;52;1;1366;1368;S
BD_53;54;1;1366;1368;S
BD_54;55;1;1366;1368;S
BD_55;56;1;1366;1368;S
BD_56;58;1;1366;1368;S
BD_56;57;1;1366;1368;S
BD_57;60;1;1366;1368;S
BD_57;59;1;1366;1368;S
BD_58;61;1;1366;1368;S
BD_59;62;1;1366;1368;S
BD_59;63;1;1366;1368;S
BD_60;51;1;1366;1368;S
BD_61;63;1;1366;1368;S
BD_62;64;1;1366;1368;S
BD_63;65;1;1366;1368;S
BD_64;66;1;1366;1368;S
BD_65;67;1;1366;1368;S
BD_66;68;1;1366;1368;S
BD_67;69;1;1366;1368;S
BD_68;70;1;1366;1368;S
BD_69;71;1;1366;1368;S
BD_70;72;1;1366;1368;S
BD_71;165;1;1366;1368;S
BD_72;165;1;1366;1368;S
BD_73;74;1;1366;1368;S
BD_74;75;1;1366;1368;S
BD_75;403;1;1366;1368;S
BD_76;76;1;1366;1368;S
BD_77;77;1;1366;1368;S
BD_78;78;1;1366;1368;S
BD_79;79;1;1366;1368;S
BD_80;80;1;1366;1368;S
BD_81;81;1;1366;1368;S
BD_82;82;1;1366;1368;S
BD_83;83;1;1366;1368;S
BD_84;84;1;1366;1368;S
BD_85;84;1;1366;1368;S
BD_86;85;1;1366;1368;S
BD_87;86;1;1366;1368;S
BD_88;87;1;1366;1368;S
BD_89;88;1;1366;1368;S
BD_90;89;1;1366;1368;S
BD_91;90;1;1366;1368;S
BD_92;91;1;1366;1368;S
BD_93;5;1;1366;1368;S
BD_93;4;1;1366;1368;S
BD_94;4;1;1366;1368;S
BD_94;5;1;1366;1368;S
BD_95;92;1;1366;1368;S
BD_96;93;1;1366;1368;S
BD_97;94;1;1366;1368;S
BD_97;95;1;1366;1368;S
BD_98;96;1;1366;1368;S
BD_99;97;1;1366;1368;S
BD_100;97;1;1366;1368;S
BD_101;91;1;1366;1368;S
BD_102;98;1;1366;1368;S
BD_103;99;1;1366;1368;S
BD_104;86;1;1366;1368;S
BD_105;100;1;1366;1368;S
BD_106;101;1;1366;1368;S
BD_107;102;1;1366;1368;S
BD_108;103;1;1366;1368;S
BD_109;103;1;1366;1368;S
BD_110;104;1;1366;1368;S
BD_111;105;1;1366;1368;S
BD_112;106;1;1366;1368;S
BD_113;107;1;1366;1368;S
BD_114;108;1;1366;1368;S
BD_114;109;1;1366;1368;S
BD_115;110;1;1366;1368;S
BD_116;111;1;1366;1368;S
BD_117;112;1;1366;1368;S
BD_118;84;1;1366;1368;S
BD_119;88;1;1366;1368;S
BD_120;113;1;1366;1368;S
BD_121;112;1;1366;1368;S
BD_122;114;1;1366;1368;S
BD_123;115;1;1366;1368;S
BD_124;116;1;1366;1368;S
BD_125;118;1;1366;1368;S
BD_125;117;1;1366;1368;S
BD_126;119;1;1366;1368;S
BD_127;120;1;1366;1368;S
BD_128;121;1;1366;1368;S
BD_129;123;1;1366;1368;S
BD_129;122;1;1366;1368;S
BD_130;124;1;1366;1368;S
BD_130;125;1;1366;1368;S
BD_130;126;1;1366;1368;S
BD_131;91;1;1366;1368;S
BD_131;127;1;1366;1368;S
BD_132;91;1;1366;1368;S
BD_133;129;1;1366;1368;S
BD_133;128;1;1366;1368;S
BD_134;130;1;1366;1368;S
BD_135;131;1;1366;1368;S
BD_136;132;1;1366;1368;S
BD_137;133;1;1366;1368;S
BD_138;134;1;1366;1368;S
BD_138;686;1;1366;1368;S
BD_139;131;1;1366;1368;S
BD_139;500;1;1366;1368;S
BD_140;78;1;1366;1368;S
BD_141;135;1;1366;1368;S
BD_142;136;1;1366;1368;S
BD_143;136;1;1366;1368;S
BD_144;136;1;1366;1368;S
BD_145;137;1;1366;1368;S
BD_146;137;1;1366;1368;S
BD_147;138;1;1366;1368;S
BD_148;139;1;1366;1368;S
BD_149;140;1;1366;1368;S
BD_150;141;1;1366;1368;S
BD_151;142;1;1366;1368;S
BD_152;142;1;1366;1368;S
BD_153;143;1;1366;1368;S
BD_154;143;1;1366;1368;S
BD_155;144;1;1366;1368;S
BD_156;144;1;1366;1368;S
BD_157;145;1;1366;1368;S
BD_158;146;1;1366;1368;S
BD_159;147;1;1366;1368;S
BD_160;148;1;1366;1368;S
BD_161;149;1;1366;1368;S
BD_162;91;1;1366;1368;S
BD_163;150;1;1366;1368;S
BD_164;151;1;1366;1368;S
BD_165;152;1;1366;1368;S
BD_166;153;1;1366;1368;S
BD_167;148;1;1366;1368;S
BD_168;154;1;1366;1368;S
BD_169;155;1;1366;1368;S
BD_170;155;1;1366;1368;S
BD_171;152;1;1366;1368;S
BD_172;156;1;1366;1368;S
BD_173;154;1;1366;1368;S
BD_174;158;1;1366;1368;S
BD_174;157;1;1366;1368;S
BD_175;159;1;1366;1368;S
BD_176;160;1;1366;1368;S
BD_177;160;1;1366;1368;S
BD_178;32;1;1366;1368;S
BD_179;161;1;1366;1368;S
BD_180;162;1;1366;1368;S
BD_181;163;1;1366;1368;S
BD_182;59;1;1366;1368;S
BD_182;60;1;1366;1368;S
BD_183;164;1;1366;1368;S
BD_184;153;1;1366;1368;S
BD_185;165;1;1366;1368;S
BD_186;165;1;1366;1368;S
BD_187;91;1;1366;1368;S
BD_188;152;1;1366;1368;S
BD_189;75;1;1366;1368;S
BD_189;75;1;1366;1368;S
BD_189;75;1;1366;1368;S
BD_190;166;1;1366;1368;S
BD_190;167;1;1366;1368;S
BD_191;143;1;1366;1368;S
BD_192;98;1;1366;1368;S
BD_193;98;1;1366;1368;S
BD_194;168;1;1366;1368;S
BD_195;169;1;1366;1368;S
BD_196;170;1;1366;1368;S
BD_197;171;1;1366;1368;S
BD_198;75;1;1366;1368;S
BD_199;172;1;1366;1368;S
BD_200;173;1;1366;1368;S
BD_201;174;1;1366;1368;S
BD_202;175;1;1366;1368;S
BD_203;168;1;1366;1368;S
BD_204;176;1;1366;1368;S
BD_205;162;1;1366;1368;S
BD_206;177;1;1366;1368;S
BD_206;178;1;1366;1368;S
BD_206;179;1;1366;1368;S
BD_207;181;1;1366;1368;S
BD_207;180;1;1366;1368;S
BD_207;182;1;1366;1368;S
BD_208;91;1;1366;1368;S
BD_209;183;1;1366;1368;S
BD_210;226;1;1366;1368;S
BD_210;184;1;1366;1368;S
BD_210;148;1;1366;1368;S
BD_211;75;1;1366;1368;S
BD_212;185;1;1366;1368;S
BD_213;186;1;1366;1368;S
BD_214;188;1;1366;1368;S
BD_214;187;1;1366;1368;S
BD_215;189;1;1366;1368;S
BD_216;32;1;1366;1368;S
BD_217;190;1;1366;1368;S
BD_218;5;1;1366;1368;S
BD_218;4;1;1366;1368;S
BD_219;112;1;1366;1368;S
BD_220;191;1;1366;1368;S
BD_221;191;1;1366;1368;S
BD_222;191;1;1366;1368;S
BD_223;192;1;1366;1368;S
BD_224;193;1;1366;1368;S
BD_225;84;1;1366;1368;S
BD_226;194;1;1366;1368;S
BD_227;195;1;1366;1368;S
BD_228;196;1;1366;1368;S
BD_229;197;1;1366;1368;S
BD_230;196;1;1366;1368;S
BD_231;198;1;1366;1368;S
BD_232;113;1;1366;1368;S
BD_233;199;1;1366;1368;S
BD_234;403;1;1366;1368;S
BD_235;200;1;1366;1368;S
BD_236;201;1;1366;1368;S
BD_236;202;1;1366;1368;S
BD_237;203;1;1366;1368;S
BD_238;204;1;1366;1368;S
BD_239;403;1;1366;1368;S
BD_240;403;1;1366;1368;S
BD_241;119;1;1366;1368;S
BD_242;205;1;1366;1368;S
BD_243;206;1;1366;1368;S
BD_244;84;1;1366;1368;S
BD_245;207;1;1366;1368;S
BD_246;208;1;1366;1368;S
BD_247;209;1;1366;1368;S
BD_248;1079;1;1366;1368;S
BD_249;4;1;1366;1368;S
BD_249;5;1;1366;1368;S
BD_250;32;1;1366;1368;S
BD_251;211;1;1366;1368;S
BD_252;212;1;1366;1368;S
BD_252;213;1;1366;1368;S
BD_253;4;1;1366;1368;S
BD_253;5;1;1366;1368;S
BD_254;403;1;1366;1368;S
BD_254;214;1;1366;1368;S
BD_255;199;1;1366;1368;S
BD_255;215;1;1366;1368;S
BD_256;216;1;1366;1368;S
BD_257;217;1;1366;1368;S
BD_443;26;1;1366;1368;S
BD_444;684;1;1366;1368;S
BD_445;154;1;1366;1368;S
BD_445;351;1;1366;1368;S
BD_446;114;1;1366;1368;S
BD_447;136;1;1366;1368;S
BD_448;262;1;1366;1368;S
BD_449;353;1;1366;1368;S
BD_450;685;1;1366;1368;S
BD_451;153;1;1366;1368;S
BD_452;153;1;1366;1368;S
BD_453;260;1;1366;1368;S
BD_454;356;1;1366;1368;S
BD_455;357;1;1366;1368;S
BD_456;355;1;1366;1368;S
BD_457;59;1;1366;1368;S
BD_457;60;1;1366;1368;S
BD_458;358;1;1366;1368;S
BD_459;358;1;1366;1368;S
BD_460;161;1;1366;1368;S
BD_461;359;1;1366;1368;S
BD_462;360;1;1366;1368;S
BD_463;360;1;1366;1368;S
BD_464;361;1;1366;1368;S
BD_465;362;1;1366;1368;S
BD_466;363;1;1366;1368;S
BD_467;364;1;1366;1368;S
BD_468;365;1;1366;1368;S
BD_469;366;1;1366;1368;S
BD_470;241;1;1366;1368;S
BD_471;367;1;1366;1368;S
BD_472;241;1;1366;1368;S
BD_473;368;1;1366;1368;S
BD_474;368;1;1366;1368;S
BD_475;369;1;1366;1368;S
BD_476;370;1;1366;1368;S
BD_477;371;1;1366;1368;S
BD_478;372;1;1366;1368;S
BD_479;373;1;1366;1368;S
BD_480;374;1;1366;1368;S
BD_481;249;1;1366;1368;S
BD_481;250;1;1366;1368;S
BD_482;367;1;1366;1368;S
BD_483;376;1;1366;1368;S
BD_484;377;1;1366;1368;S
BD_485;378;1;1366;1368;S
BD_486;379;1;1366;1368;S
BD_487;380;1;1366;1368;S
BD_488;381;1;1366;1368;S
BD_489;112;1;1366;1368;S
BD_490;226;1;1366;1368;S
BD_491;383;1;1366;1368;S
BD_491;382;1;1366;1368;S
BD_492;384;1;1366;1368;S
BD_493;385;1;1366;1368;S
BD_494;209;1;1366;1368;S
BD_495;386;1;1366;1368;S
BD_496;213;1;1366;1368;S
BD_496;212;1;1366;1368;S
BD_497;387;1;1366;1368;S
BD_498;388;1;1366;1368;S
BD_499;388;1;1366;1368;S
BD_500;389;1;1366;1368;S
BD_501;240;1;1366;1368;S
BD_502;383;1;1366;1368;S
BD_502;382;1;1366;1368;S
BD_503;390;1;1366;1368;S
BD_504;4;1;1366;1368;S
BD_504;5;1;1366;1368;S
BND_801;26;1;1366;1368;S
BND_802;79;1;1366;1368;S
BND_803;1024;1;1366;1368;S
BND_804;816;1;1366;1368;S
BND_805;1081;1;1366;1368;S
BND_806;19;1;1366;1368;S
BND_807;1082;1;1366;1368;S
BND_808;923;1;1366;1368;S
BND_808;765;1;1366;1368;S
BND_809;1083;1;1366;1368;S
BND_810;32;1;1366;1368;S
BND_811;36;1;1366;1368;S
BND_812;37;1;1366;1368;S
BND_813;38;1;1366;1368;S
BND_814;39;1;1366;1368;S
BND_815;1083;1;1366;1368;S
BND_816;1084;1;1366;1368;S
BND_817;743;1;1366;1368;S
BND_818;1085;1;1366;1368;S
BND_819;75;1;1366;1368;S
BND_820;78;1;1366;1368;S
BND_821;79;1;1366;1368;S
BND_822;1087;1;1366;1368;S
BND_823;115;1;1366;1368;S
BND_824;1089;1;1366;1368;S
BND_825;1091;1;1366;1368;S
BND_826;1092;1;1366;1368;S
BND_827;707;1;1366;1368;S
BND_828;80;1;1366;1368;S
BND_829;917;1;1366;1368;S
BND_830;99;1;1366;1368;S
BND_831;262;1;1366;1368;S
BND_832;101;1;1366;1368;S
BND_833;102;1;1366;1368;S
BND_834;103;1;1366;1368;S
BND_835;1093;1;1366;1368;S
BND_836;698;1;1366;1368;S
BND_837;1094;1;1366;1368;S
BND_838;119;1;1366;1368;S
BND_839;120;1;1366;1368;S
BND_840;121;1;1366;1368;S
BND_841;140;1;1366;1368;S
BND_842;122;1;1366;1368;S
BND_843;124;1;1366;1368;S
BND_844;127;1;1366;1368;S
BND_845;224;1;1366;1368;S
BND_846;91;1;1366;1368;S
BND_847;91;1;1366;1368;S
BND_848;91;1;1366;1368;S
BND_849;739;1;1366;1368;S
BND_850;143;1;1366;1368;S
BND_851;1095;1;1366;1368;S
BND_852;454;1;1366;1368;S
BND_853;160;1;1366;1368;S
BND_854;879;1;1366;1368;S
BND_855;426;1;1366;1368;S
BND_856;1097;1;1366;1368;S
BND_857;1098;1;1366;1368;S
BND_858;743;1;1366;1368;S
BND_859;4;1;1366;1368;S
BND_859;5;1;1366;1368;S
BND_860;199;1;1366;1368;S
BND_861;179;1;1366;1368;S
BND_861;178;1;1366;1368;S
BND_861;177;1;1366;1368;S
BND_862;91;1;1366;1368;S
BND_863;184;1;1366;1368;S
BND_864;32;1;1366;1368;S
BND_865;869;1;1366;1368;S
BND_866;869;1;1366;1368;S
BND_867;1099;1;1366;1368;S
BND_868;5;1;1366;1368;S
BND_868;4;1;1366;1368;S
BND_869;112;1;1366;1368;S
BND_870;900;1;1366;1368;S
BND_871;1250;1;1366;1368;S
BND_872;393;1;1366;1368;S
BND_873;859;1;1366;1368;S
BND_874;1077;1;1366;1368;S
BND_875;783;1;1366;1368;S
BND_876;1100;1;1366;1368;S
BND_877;1101;1;1366;1368;S
BND_878;115;1;1366;1368;S
BND_879;224;1;1366;1368;S
BND_880;1104;1;1366;1368;S
BND_881;282;1;1366;1368;S
BND_882;358;1;1366;1368;S
BND_883;1105;1;1366;1368;S
BND_884;1106;1;1366;1368;S
BND_885;989;1;1366;1368;S
BND_886;241;1;1366;1368;S
BND_887;1107;1;1366;1368;S
BD_1001;474;1;1366;NULL;S
BD_1002;472;1;1364;NULL;S
BD_1002;574;1;1364;NULL;S
BD_1003;495;1;1364;NULL;S
BD_1004;495;1;1364;NULL;S
BD_1005;495;1;1364;NULL;S
BD_1006;495;1;1364;NULL;S
BD_1007;27;1;1364;NULL;S
BD_1008;405;1;1364;NULL;S
BD_1009;575;1;1364;NULL;S
BD_1009;508;1;1364;NULL;S
BD_1010;439;1;1364;NULL;S
BD_1011;450;1;1365;NULL;S
BD_1012;547;1;1365;NULL;S
BD_1013;560;1;1364;NULL;S
BD_1014;479;1;1366;NULL;S
BD_1015;458;1;1364;NULL;S
BD_1016;427;1;1363;NULL;S
BD_1017;410;1;1363;NULL;S
BD_1018;424;1;1364;NULL;S
BD_1019;556;1;1364;NULL;S
BD_1020;550;1;1363;NULL;S
BD_1021;483;1;1363;NULL;S
BD_1022;563;1;1367;NULL;S
BD_1023;509;1;1363;NULL;S
BD_1024;487;1;1364;NULL;S
BD_1025;447;1;1366;NULL;S
BD_1026;435;1;1363;NULL;S
BD_1027;481;1;1363;NULL;S
BD_1028;436;1;1367;NULL;S
BD_1029;423;1;1364;NULL;S
BD_1030;413;1;1365;NULL;S
BD_1031;104;1;1363;NULL;S
BD_1032;542;1;1370;NULL;S
BD_1033;527;1;1363;NULL;S
BD_1033;576;1;1363;NULL;S
BD_1034;542;1;1364;NULL;S
BD_1035;420;1;1363;NULL;S
BD_1035;32;1;1363;NULL;S
BD_1036;459;1;1363;NULL;S
BD_1037;220;1;1363;NULL;S
BD_1038;512;1;1363;NULL;S
BD_1039;537;1;1363;NULL;S
BD_1040;538;1;1363;NULL;S
BD_1041;520;1;1365;NULL;S
BD_1042;561;1;1367;NULL;S
BD_1043;448;1;1363;NULL;S
BD_1044;411;1;1364;NULL;S
BD_1045;200;1;1363;NULL;S
BD_1045;432;1;1363;NULL;S
BD_1046;472;1;1364;NULL;S
BD_1047;434;1;1363;NULL;S
BD_1048;466;1;1376;NULL;S
BD_1049;532;1;1376;NULL;S
BD_1050;572;1;1363;NULL;S
BD_1050;554;1;1363;NULL;S
BD_1051;409;1;1364;NULL;S
BD_1052;545;1;1366;NULL;S
BD_1053;457;1;1366;NULL;S
BD_1054;462;1;1363;NULL;S
BD_1055;577;1;1365;NULL;S
BD_1055;489;1;1365;NULL;S
BD_1056;546;1;1364;NULL;S
BD_1057;478;1;1363;NULL;S
BD_1058;497;1;1363;NULL;S
BD_1059;443;1;1364;NULL;S
BD_1060;506;1;1364;NULL;S
BD_1061;334;1;1366;NULL;S
BD_1062;523;1;1363;NULL;S
BD_1063;452;1;1365;NULL;S
BD_1064;490;1;1367;NULL;S
BD_1065;503;1;1363;NULL;S
BD_1066;503;1;1368;NULL;S
BD_1067;559;1;1366;NULL;S
BD_1068;431;1;1363;NULL;S
BD_1069;578;1;1378;NULL;S
BD_1069;503;1;1378;NULL;S
BD_1070;483;1;1363;NULL;S
BD_1071;348;1;1364;NULL;S
BD_1072;519;1;1363;NULL;S
BD_1073;515;1;1365;NULL;S
BD_1074;524;1;1363;NULL;S
BD_1075;444;1;1363;NULL;S
BD_1076;455;1;1365;NULL;S
BD_1077;456;1;1367;NULL;S
BD_1078;442;1;1363;NULL;S
BD_1079;475;1;1363;NULL;S
BD_1080;460;1;1368;NULL;S
BD_1081;477;1;1365;NULL;S
BD_1081;586;1;1365;NULL;S
BD_1082;540;1;1355;NULL;S
BD_1083;541;1;1365;NULL;S
BD_1084;533;1;1366;NULL;S
BD_1085;449;1;1363;NULL;S
BD_1086;341;1;1363;NULL;S
BD_1087;341;1;1366;NULL;S
BD_1088;492;1;1363;NULL;S
BD_1089;433;1;1363;NULL;S
BD_1090;488;1;1363;NULL;S
BD_1091;516;1;1365;NULL;S
BD_1093;516;1;1365;NULL;S
BD_1094;488;1;1363;NULL;S
BD_1095;489;1;1364;NULL;S
BD_1096;564;1;1376;NULL;S
BD_1097;421;1;1366;NULL;S
BD_1097;463;1;1366;NULL;S
BD_1098;570;1;1365;NULL;S
BD_1098;581;1;1365;NULL;S
BD_1098;579;1;1365;NULL;S
BD_1098;580;1;1365;NULL;S
BD_1099;467;1;1364;NULL;S
BD_1100;408;1;1367;NULL;S
BD_1101;553;1;1365;NULL;S
BD_1101;582;1;1365;NULL;S
BD_1102;464;1;1364;NULL;S
BD_1103;473;1;1364;NULL;S
BD_1104;485;1;1369;NULL;S
BD_1105;573;1;1363;NULL;S
BD_1105;407;1;1363;NULL;S
BD_1106;510;1;1354;NULL;S
BD_1107;438;1;1366;NULL;S
BD_1108;518;1;1367;NULL;S
BD_1109;583;1;1363;NULL;S
BD_1109;555;1;1363;NULL;S
BD_1110;422;1;1363;NULL;S
BD_1111;412;1;1372;NULL;S
BD_1112;505;1;1373;NULL;S
BD_1113;507;1;1363;NULL;S
BD_1114;473;1;1364;NULL;S
BD_1115;500;1;1384;NULL;S
BD_1116;468;1;1364;NULL;S
BD_1117;419;1;1367;NULL;S
BD_1118;514;1;1367;NULL;S
BD_1119;499;1;1364;NULL;S
BD_1120;404;1;1363;NULL;S
BD_1121;569;1;1363;NULL;S
BD_1122;231;1;1363;NULL;S
BD_1123;440;1;1364;NULL;S
BD_1124;420;1;1363;NULL;S
BD_1125;539;1;1364;NULL;S
BD_1126;558;1;1364;NULL;S
BD_1127;568;1;1364;NULL;S
BD_1128;522;1;1363;NULL;S
BD_1129;430;1;1363;NULL;S
BD_1130;446;1;1364;NULL;S
BD_1131;472;1;1364;NULL;S
BD_1132;220;1;1364;NULL;S
BD_1133;548;1;1365;NULL;S
BD_1134;425;1;1365;NULL;S
BD_1134;451;1;1365;NULL;S
BD_1135;496;1;1368;NULL;S
BD_1136;69;1;1363;NULL;S
BD_1137;530;1;1363;NULL;S
BD_1138;525;1;1363;NULL;S
BD_1139;525;1;1363;NULL;S
BD_1140;587;1;1363;NULL;S
BD_1140;461;1;1363;NULL;S
BD_1141;526;1;1364;NULL;S
BD_1142;482;1;1385;NULL;S
BD_1143;454;1;1363;NULL;S
BD_1144;417;1;1363;NULL;S
BD_1145;142;1;1370;NULL;S
BD_1146;429;1;1364;NULL;S
BD_1147;426;1;1363;NULL;S
BD_1148;426;1;1363;NULL;S
BD_1149;406;1;1363;NULL;S
BD_1150;513;1;1365;NULL;S
BD_1151;476;1;1365;NULL;S
BD_1152;480;1;1364;NULL;S
BD_1152;584;1;1364;NULL;S
BD_1152;585;1;1364;NULL;S
BD_1153;441;1;1365;NULL;S
BD_1154;416;1;1365;NULL;S
BD_1155;453;1;1365;NULL;S
BD_1156;549;1;1368;NULL;S
BD_1157;566;1;1368;NULL;S
BD_1158;536;1;1372;NULL;S
BD_1159;562;1;1366;NULL;S
BD_1160;406;1;1363;NULL;S
BD_1161;428;1;1364;NULL;S
BD_1162;531;1;1392;NULL;S
BD_1162;504;1;1392;NULL;S
BD_1163;486;1;1389;NULL;S
BD_1164;565;1;1365;NULL;S
BD_1165;543;1;1365;NULL;S
BD_1166;470;1;1363;NULL;S
BD_1167;5;1;1364;NULL;S
BD_1167;4;1;1364;NULL;S
BD_1168;445;1;1364;NULL;S
BD_1169;471;1;1365;NULL;S
BD_1170;494;1;1364;NULL;S
BD_1171;418;1;1364;NULL;S
BD_1172;528;1;1365;NULL;S
BD_1173;493;1;1367;NULL;S
BD_1174;502;1;1374;NULL;S
BD_1175;146;1;1363;NULL;S
BD_1176;415;1;1370;NULL;S
BD_1177;415;1;1370;NULL;S
BD_1178;535;1;1369;NULL;S
BD_1179;437;1;1365;NULL;S
BD_1180;465;1;1370;NULL;S
BD_1181;552;1;1370;NULL;S
BD_1182;23;1;1366;NULL;S
BD_1183;557;1;1371;NULL;S
BD_1184;469;1;1364;NULL;S
BD_1185;521;1;1363;NULL;S
BD_1186;511;1;1365;NULL;S
BD_1187;567;1;1377;NULL;S
BD_1188;501;1;1368;NULL;S
BD_1189;491;1;1370;NULL;S
BD_1190;534;1;1363;NULL;S
BD_1191;551;1;1365;NULL;S
BD_1192;544;1;1364;NULL;S
BD_1193;517;1;1366;NULL;S
BD_1194;457;1;1366;NULL;S
BND_1401;1396;1;1354;1392;PS
BND_1402;1112;1;1354;1392;PS
BND_1403;1466;1;1354;1392;PS
BND_1404;1455;1;1354;1392;PS
BND_1405;1119;1;1354;1392;PS
BND_1406;447;1;1354;1392;PS
BND_1407;1439;1;1354;1392;PS
BND_1408;1453;1;1354;1392;PS
BND_1409;1121;1;1354;1392;PS
BND_1410;250;1;1354;1392;PS
BND_1411;1125;1;1354;1392;PS
BND_1412;1395;1;1354;1392;PS
BND_1413;423;1;1354;1392;PS
BND_1414;1436;1;1354;1392;PS
BND_1415;220;1;1354;1392;PS
BND_1416;1485;1;1354;1392;PS
BND_1417;542;1;1354;1392;PS
BND_1418;1472;1;1354;1392;PS
BND_1419;220;1;1354;1392;PS
BND_1420;334;1;1354;1392;PS
BND_1421;537;1;1354;1392;PS
BND_1422;1394;1;1354;1392;PS
BND_1423;1417;1;1354;1392;PS
BND_1424;1433;1;1354;1392;PS
BND_1425;545;1;1354;1392;PS
BND_1426;1486;1;1354;1392;PS
BND_1429;1390;1;1354;1392;PS
BND_1430;1481;1;1354;1392;PS
BND_1431;1412;1;1354;1392;PS
BND_1432;1447;1;1354;1392;PS
BND_1433;1139;1;1354;1392;PS
BND_1434;1473;1;1354;1392;PS
BND_1435;292;1;1354;1392;PS
BND_1436;281;1;1354;1392;PS
BND_1437;1160;1;1354;1392;PS
BND_1438;1450;1;1354;1392;PS
BND_1439;1424;1;1354;1392;PS
BND_1440;1414;1;1354;1392;PS
BND_1441;443;1;1354;1392;PS
BND_1442;1415;1;1354;1392;PS
BND_1443;334;1;1354;1392;PS
BND_1444;1419;1;1354;1392;PS
BND_1445;1428;1;1354;1392;PS
BND_1446;794;1;1354;1392;PS
BND_1447;794;1;1354;1392;PS
BND_1448;545;1;1354;1392;PS
BND_1449;472;1;1354;1392;PS
BND_1450;1462;1;1354;1392;PS
BND_1451;1145;1;1354;1392;PS
BND_1453;1147;1;1354;1392;PS
BND_1454;1148;1;1354;1392;PS
BND_1455;1480;1;1354;1392;PS
BND_1456;1152;1;1354;1392;PS
BND_1457;1276;1;1354;1392;PS
BND_1458;794;1;1354;1392;PS
BND_1459;575;1;1354;1392;PS
BND_1460;1162;1;1354;1392;PS
BND_1461;1440;1;1354;1392;PS
BND_1462;527;1;1354;1392;PS
BND_1463;1166;1;1354;1392;PS
BND_1464;341;1;1354;1392;PS
BND_1465;492;1;1354;1392;PS
BND_1466;1254;1;1354;1392;PS
BND_1467;1421;1;1354;1392;PS
BND_1468;1429;1;1354;1392;PS
BND_1469;1416;1;1354;1392;PS
BND_1470;1258;1;1354;1392;PS
BND_1471;1401;1;1354;1392;PS
BND_1472;1445;1;1354;1392;PS
BND_1472;1443;1;1354;1392;PS
BND_1473;516;1;1354;1392;PS
BND_1474;488;1;1354;1392;PS
BND_1475;1471;1;1354;1392;PS
BND_1476;1406;1;1354;1392;PS
BND_1477;1169;1;1354;1392;PS
BND_1478;564;1;1354;1392;PS
BND_1479;516;1;1354;1392;PS
BND_1480;1459;1;1354;1392;PS
BND_1481;570;1;1354;1392;PS
BND_1482;1174;1;1354;1392;PS
BND_1483;1402;1;1354;1392;PS
BND_1484;1175;1;1354;1392;PS
BND_1485;1064;1;1354;1392;PS
BND_1486;982;1;1354;1392;PS
BND_1487;1466;1;1354;1392;PS
BND_1488;1474;1;1354;1392;PS
BND_1489;464;1;1354;1392;PS
BND_1490;1438;1;1354;1392;PS
BND_1491;1442;1;1354;1392;PS
BND_1492;1291;1;1354;1392;PS
BND_1493;1476;1;1354;1392;PS
BND_1494;1400;1;1354;1392;PS
BND_1495;1180;1;1354;1392;PS
BND_1496;1451;1;1354;1392;PS
BND_1497;407;1;1354;1392;PS
BND_1498;510;1;1354;1392;PS
BND_1499;1262;1;1354;1392;PS
BND_1500;828;1;1354;1392;PS
BND_1501;1183;1;1354;1392;PS
BND_1502;596;1;1354;1392;PS
BND_1503;1467;1;1354;1392;PS
BND_1504;518;1;1354;1392;PS
BND_1505;1427;1;1354;1392;PS
BND_1506;1475;1;1354;1392;PS
BND_1507;1391;1;1354;1392;PS
BND_1508;1410;1;1354;1392;PS
BND_1509;1458;1;1354;1392;PS
BND_1510;1186;1;1354;1392;PS
BND_1511;1423;1;1354;1392;PS
BND_1512;1277;1;1354;1392;PS
BND_1513;1444;1;1354;1392;PS
BND_1514;146;1;1354;1392;PS
BND_1515;1189;1;1354;1392;PS
BND_1516;473;1;1354;1392;PS
BND_1517;500;1;1354;1392;PS
BND_1518;1426;1;1354;1392;PS
BND_1519;500;1;1354;1392;PS
BND_1520;18;1;1354;1392;PS
BND_1521;1460;1;1354;1392;PS
BND_1522;1398;1;1354;1392;PS
BND_1523;499;1;1354;1392;PS
BND_1524;1197;1;1354;1392;PS
BND_1525;1196;1;1354;1392;PS
BND_1527;1478;1;1354;1392;PS
BND_1528;361;1;1354;1392;PS
BND_1529;231;1;1354;1392;PS
BND_1530;1479;1;1354;1392;PS
BND_1531;38;1;1354;1392;PS
BND_1532;281;1;1354;1392;PS
BND_1533;1199;1;1354;1392;PS
BND_1534;869;1;1354;1392;PS
BND_1535;358;1;1354;1392;PS
BND_1536;1441;1;1354;1392;PS
BND_1537;1457;1;1354;1392;PS
BND_1538;1411;1;1354;1392;PS
BND_1539;72;1;1354;1392;PS
BND_1540;1435;1;1354;1392;PS
BND_1541;1074;1;1354;1392;PS
BND_1542;472;1;1354;1392;PS
BND_1543;1434;1;1354;1392;PS
BND_1544;481;1;1354;1392;PS
BND_1545;79;1;1354;1392;PS
BND_1546;1437;1;1354;1392;PS
BND_1547;1454;1;1354;1392;PS
BND_1548;1425;1;1354;1392;PS
BND_1549;1432;1;1354;1392;PS
BND_1550;1207;1;1354;1392;PS
BND_1551;1405;1;1354;1392;PS
BND_1552;224;1;1354;1392;PS
BND_1553;496;1;1354;1392;PS
BND_1554;88;1;1354;1392;PS
BND_1555;1268;1;1354;1392;PS
BND_1555;526;1;1354;1392;PS
BND_1556;1264;1;1354;1392;PS
BND_1557;1211;1;1354;1392;PS
BND_1558;1413;1;1354;1392;PS
BND_1559;142;1;1354;1392;PS
BND_1560;1483;1;1354;1392;PS
BND_1561;1408;1;1354;1392;PS
BND_1562;1430;1;1354;1392;PS
BND_1563;968;1;1354;1392;PS
BND_1564;1219;1;1354;1392;PS
BND_1564;1218;1;1354;1392;PS
BND_1565;1290;1;1354;1392;PS
BND_1566;1217;1;1354;1392;PS
BND_1567;33;1;1354;1392;PS
BND_1568;1461;1;1354;1392;PS
BND_1569;613;1;1354;1392;PS
BND_1570;549;1;1354;1392;PS
BND_1571;1404;1;1354;1392;PS
BND_1572;1422;1;1354;1392;PS
BND_1573;539;1;1354;1392;PS
BND_1574;1477;1;1354;1392;PS
BND_1575;1230;1;1354;1392;PS
BND_1576;562;1;1354;1392;PS
BND_1577;1231;1;1354;1392;PS
BND_1578;1431;1;1354;1392;PS
BND_1579;1464;1;1354;1392;PS
BND_1580;1409;1;1354;1392;PS
BND_1581;1420;1;1354;1392;PS
BND_1582;1446;1;1354;1392;PS
BND_1583;543;1;1354;1392;PS
BND_1584;470;1;1354;1392;PS
BND_1585;262;1;1354;1392;PS
BND_1586;1449;1;1354;1392;PS
BND_1587;1468;1;1354;1392;PS
BND_1588;494;1;1354;1392;PS
BND_1589;1407;1;1354;1392;PS
BND_1594;1234;1;1354;1392;PS
BND_1595;1456;1;1354;1392;PS
BND_1596;1248;1;1354;1392;PS
BND_1597;552;1;1354;1392;PS
BND_1598;1469;1;1354;1392;PS
BND_1599;1397;1;1354;1392;PS
BND_1600;1239;1;1354;1392;PS
BND_1601;1403;1;1354;1392;PS
BND_1602;1448;1;1354;1392;PS
BND_1603;1470;1;1354;1392;PS
BND_1604;775;1;1354;1392;PS
BND_1605;1484;1;1354;1392;PS
BND_1606;567;1;1354;1392;PS
BND_1607;1392;1;1354;1392;PS
BND_1608;1452;1;1354;1392;PS
BND_1609;501;1;1354;1392;PS
BND_1610;491;1;1354;1392;PS
BND_1611;1241;1;1354;1392;PS
BND_1612;1246;1;1354;1392;PS
BND_1613;1393;1;1354;1392;PS
BND_1614;1463;1;1354;1392;PS
BND_1615;1116;1;1354;1392;PS
BND_1616;1399;1;1354;1392;PS
BND_1617;1482;1;1354;1392;PS
BND_1618;1487;1;1354;1392;PS
BND_1619;467;1;1354;1392;PS
BND_1620;440;1;1354;1392;PS
BND_1621;23;1;1354;1392;PS
BND_1622;557;1;1354;1392;PS
BND_1623;1488;1;1354;1392;PS
BND_1634;1489;1;1354;1392;PS
BND_1635;507;1;1354;1392;PS
BND_1636;497;1;1354;1392;PS
BND_1637;262;1;1354;1392;PS
BND_1638;500;1;1354;1392;PS
BND_1639;475;1;1354;1392;PS
BND_1640;1027;1;1354;1392;PS
BND_1641;454;1;1354;1392;PS
BND_1642;18;1;1354;1392;PS
BND_1643;428;1;1354;1392;PS
BND_1644;531;1;1354;1392;PS
BND_1645;486;1;1354;1392;PS
BND_1647;552;1;1354;1392;PS
BD_2001;1246;1;1352;NULL;S
BD_2001;2664;2;1389;NULL;S
BD_2002;1836;1;1367;NULL;S
BD_2003;1951;1;1352;NULL;S
BD_2004;2488;1;1352;NULL;S
BD_2004;1951;2;1360;NULL;S
BD_2005;2490;1;1366;NULL;S
BD_2005;2489;1;1366;NULL;S
BD_2005;2665;2;1370;NULL;S
BD_2006;2491;1;1359;NULL;S
BD_2006;2667;2;1397;NULL;S
BD_2007;403;1;1345;NULL;S
BD_2007;557;2;1371;NULL;S
BD_2008;1175;1;1365;NULL;S
BD_2008;2668;2;1365;NULL;S
BD_2009;2492;1;1366;NULL;S
BD_2009;2669;2;1380;NULL;S
BD_2010;263;1;1368;NULL;S
BD_2011;1595;1;1356;NULL;S
BD_2011;2670;2;1385;NULL;S
BD_2011;339;3;1393;NULL;S
BD_2012;2671;2;1370;NULL;S
BD_2012;568;1;1300;1391;PS
BD_2013;1933;1;1353;NULL;S
BD_2013;2672;2;1374;NULL;S
BD_2014;2493;1;1374;NULL;S
BD_2014;2673;2;1389;NULL;S
BD_2014;2674;2;1389;NULL;S
BD_2015;648;1;1300;1391;PS
BD_2016;2494;1;1365;NULL;S
BD_2016;2675;2;1386;NULL;S
BD_2017;2676;2;1358;NULL;S
BD_2017;2677;3;1359;NULL;Min
BD_2017;2495;1;1363;NULL;S
BD_2018;10;1;1300;NULL;S
BD_2018;1725;2;1396;NULL;S
BD_2019;2496;1;1362;NULL;S
BD_2020;2497;1;1356;NULL;S
BD_2020;2679;2;1399;NULL;S
BD_2021;2682;3;1316;NULL;S
BD_2021;2681;3;1316;NULL;S
BD_2021;2680;2;1332;NULL;S
BD_2021;1827;1;1359;NULL;S
BD_2021;2183;4;1387;NULL;S
BD_2022;60;1;1360;NULL;S
BD_2022;2684;2;1361;NULL;PS
BD_2023;2498;1;1348;NULL;S
BD_2023;2499;1;1358;NULL;S
BD_2023;2685;2;1383;NULL;S
BD_2023;2686;3;1395;NULL;S
BD_2024;2687;2;1351;NULL;S
BD_2024;2500;1;1361;NULL;S
BD_2024;2688;3;1379;NULL;S
BD_2025;2689;2;1391;NULL;S
BD_2025;2501;1;1300;1391;PS
BD_2026;2502;1;1357;NULL;S
BD_2026;2693;2;1372;NULL;S
BD_2026;339;3;1393;NULL;S
BD_2027;2503;1;1366;NULL;S
BD_2028;2504;1;1362;NULL;S
BD_2028;2694;2;1372;NULL;S
BD_2028;2696;3;1392;NULL;S
BD_2028;2197;4;1397;NULL;S
BD_2029;2495;1;1358;NULL;S
BD_2029;2677;2;1389;NULL;S
BD_2030;1435;1;1353;NULL;S
BD_2031;2505;1;1358;NULL;S
BD_2032;2502;1;1357;NULL;S
BD_2032;2692;2;1392;NULL;S
BD_2033;2698;2;1393;NULL;S
BD_2033;2506;1;1300;1391;PS
BD_2034;2507;1;1391;NULL;S
BD_2035;2508;1;1391;NULL;S
BD_2036;2509;1;1364;NULL;S
BD_2036;2699;2;1391;NULL;S
BD_2037;2510;1;1374;NULL;S
BD_2037;2041;2;1392;NULL;S
BD_2037;2700;3;1395;NULL;S
BD_2038;2511;1;1374;NULL;S
BD_2039;2512;1;1374;NULL;S
BD_2039;2702;2;1375;NULL;Min
BD_2040;2513;1;1351;NULL;S
BD_2040;2703;2;1388;NULL;S
BD_2041;2704;2;1353;NULL;S
BD_2041;2514;1;1364;NULL;S
BD_2041;2707;3;1367;NULL;S
BD_2042;2516;1;1364;NULL;S
BD_2042;2515;1;1364;NULL;S
BD_2042;2706;3;1367;NULL;S
BD_2042;2709;2;1399;NULL;S
BD_2043;2517;1;1364;NULL;S
BD_2044;2518;1;1351;NULL;S
BD_2044;2710;2;1384;NULL;S
BD_2045;2518;1;1351;NULL;S
BD_2045;2710;2;1384;NULL;S
BD_2046;1929;1;1352;NULL;S
BD_2046;2712;2;1371;NULL;S
BD_2046;2713;3;1386;NULL;S
BD_2047;2519;1;1363;NULL;S
BD_2047;2714;2;1369;NULL;S
BD_2047;2716;3;1370;NULL;Min
BD_2048;2520;1;1352;NULL;S
BD_2048;55;2;1377;NULL;S
BD_2048;2717;3;1378;NULL;S
BD_2048;2718;3;1378;NULL;S
BD_2049;2521;1;1355;NULL;S
BD_2049;2720;2;1389;NULL;S
BD_2050;492;1;1341;NULL;S
BD_2050;2722;2;1373;NULL;S
BD_2050;2723;2;1373;NULL;S
BD_2050;2724;3;1380;NULL;S
BD_2051;292;1;1365;NULL;S
BD_2051;2522;1;1365;NULL;S
BD_2051;2726;2;1373;NULL;S
BD_2051;2727;3;1380;NULL;S
BD_2052;545;1;1353;NULL;S
BD_2052;2728;2;1372;NULL;S
BD_2053;1049;1;1312;NULL;S
BD_2054;2523;1;1365;NULL;S
BD_2054;583;2;1366;NULL;Min
BD_2054;2729;3;1400;NULL;S
BD_2055;38;1;1353;NULL;S
BD_2055;2731;2;1353;NULL;Min
BD_2056;503;1;1364;NULL;S
BD_2056;2732;2;1392;NULL;S
BD_2057;2524;1;1359;NULL;S
BD_2057;2733;2;1382;NULL;S
BD_2058;2524;1;1357;NULL;S
BD_2058;2733;2;1358;NULL;Min
BD_2059;2525;1;1365;NULL;S
BD_2059;1080;2;1366;NULL;Min
BD_2060;2735;2;1355;NULL;S
BD_2060;2527;1;1359;NULL;S
BD_2060;2526;1;1359;NULL;S
BD_2060;2736;3;1388;NULL;S
BD_2061;2528;1;1335;NULL;S
BD_2061;1080;2;1336;NULL;Min
BD_2062;1691;1;1351;NULL;S
BD_2062;420;2;1369;NULL;S
BD_2063;2529;1;1363;NULL;S
BD_2063;2739;2;1366;NULL;S
BD_2064;200;1;1355;NULL;S
BD_2064;2183;2;1380;NULL;S
BD_2065;2530;1;1374;NULL;S
BD_2066;2531;1;1380;NULL;S
BD_2067;2740;2;1343;NULL;S
BD_2067;2532;1;1352;NULL;S
BD_2067;500;3;1382;NULL;S
BD_2068;2533;1;1348;NULL;S
BD_2068;2741;2;1387;NULL;S
BD_2069;2534;1;1359;NULL;S
BD_2070;2535;1;1357;NULL;S
BD_2070;2743;2;1367;NULL;S
BD_2070;2744;3;1381;NULL;S
BD_2071;2535;1;1352;NULL;S
BD_2071;545;2;1360;NULL;S
BD_2071;2834;3;1376;NULL;S
BD_2072;1750;1;1356;NULL;S
BD_2072;545;2;1369;NULL;S
BD_2072;2834;3;1376;NULL;S
BD_2073;2536;1;1364;NULL;S
BD_2073;1702;2;1365;NULL;Min
BD_2074;2537;1;1362;NULL;S
BD_2074;2748;2;1391;NULL;S
BD_2075;2538;1;1365;NULL;S
BD_2075;2749;2;1369;NULL;S
BD_2075;2750;2;1369;NULL;S
BD_2076;2539;1;1366;NULL;S
BD_2076;2540;1;1366;NULL;S
BD_2076;2752;2;1381;NULL;S
BD_2076;2751;2;1381;NULL;S
BD_2076;2753;3;1398;NULL;S
BD_2077;2541;1;1351;NULL;S
BD_2077;2754;2;1370;NULL;S
BD_2077;2755;3;1383;NULL;S
BD_2078;495;1;1355;NULL;S
BD_2078;2757;2;1391;NULL;S
BD_2078;2758;2;1391;NULL;S
BD_2079;1200;1;1362;NULL;S
BD_2079;2759;2;1363;NULL;Min
BD_2079;2208;2;1363;NULL;Min
BD_2080;2132;1;1326;NULL;S
BD_2080;1200;2;1342;NULL;S
BD_2080;2208;3;1343;NULL;Min
BD_2080;2759;3;1343;NULL;Min
BD_2081;2542;1;1360;NULL;S
BD_2081;2761;2;1371;NULL;S
BD_2081;2760;2;1371;NULL;S
BD_2081;2762;3;1380;NULL;S
BD_2082;811;1;1355;NULL;S
BD_2082;2763;2;1395;NULL;S
BD_2083;18;1;1328;NULL;S
BD_2084;2543;1;1351;NULL;S
BD_2084;2764;2;1392;NULL;S
BD_2085;2544;1;1364;NULL;S
BD_2085;2765;2;1372;NULL;S
BD_2085;2766;3;1379;NULL;S
BD_2085;2767;4;1380;NULL;Min
BD_2086;2545;1;1366;NULL;S
BD_2086;2768;2;1387;NULL;S
BD_2087;2549;1;1342;NULL;S
BD_2087;2548;1;1342;NULL;S
BD_2087;2547;1;1342;NULL;S
BD_2087;2546;1;1342;NULL;S
BD_2087;2518;1;1342;NULL;S
BD_2087;2769;2;1367;NULL;S
BD_2087;2770;3;1368;NULL;Min
BD_2088;2550;1;1349;NULL;S
BD_2089;2551;1;1366;NULL;S
BD_2089;2771;2;1380;NULL;S
BD_2090;2552;1;1355;NULL;S
BD_2090;1601;2;1373;NULL;S
BD_2090;2772;3;1374;NULL;Min
BD_2091;2553;1;1350;NULL;S
BD_2091;2773;2;1387;NULL;S
BD_2091;2772;3;1398;NULL;S
BD_2092;1876;1;1352;NULL;S
BD_2093;2774;2;1357;NULL;S
BD_2093;2501;1;1358;NULL;S
BD_2093;2775;3;1387;NULL;S
BD_2094;510;1;1325;NULL;S
BD_2095;2556;1;1367;NULL;S
BD_2096;2557;1;1363;NULL;S
BD_2096;2776;2;1384;NULL;S
BD_2097;2558;1;1356;NULL;S
BD_2097;2777;2;1372;NULL;S
BD_2098;2559;1;1362;NULL;S
BD_2098;2778;2;1367;NULL;S
BD_2098;2779;3;1380;NULL;S
BD_2099;2559;1;1354;NULL;S
BD_2099;500;2;1368;NULL;S
BD_2099;2495;3;1373;NULL;S
BD_2099;2780;4;1384;NULL;S
BD_2099;580;5;1398;NULL;S
BD_2100;2560;1;1351;NULL;S
BD_2100;500;2;1368;NULL;S
BD_2100;2495;3;1373;NULL;S
BD_2100;2780;4;1384;NULL;S
BD_2100;580;5;1385;NULL;Min
BD_2101;273;1;1362;NULL;S
BD_2101;2781;2;1371;NULL;S
BD_2102;740;1;1359;NULL;S
BD_2102;1836;2;1384;NULL;S
BD_2103;2561;1;1342;NULL;S
BD_2104;2567;1;1360;NULL;S
BD_2104;2832;2;1361;NULL;Min
BD_2105;803;1;1363;NULL;S
BD_2105;2832;2;1364;NULL;Min
BD_2106;2459;1;1352;NULL;S
BD_2106;2782;2;1370;NULL;S
BD_2106;2832;3;1371;NULL;Min
BD_2107;2563;1;1365;NULL;S
BD_2107;2832;2;1366;NULL;Min
BD_2108;2564;1;1357;NULL;S
BD_2108;2832;2;1358;NULL;Min
BD_2109;2435;1;1353;NULL;S
BD_2109;2785;2;1372;NULL;S
BD_2109;2784;2;1372;NULL;S
BD_2109;2832;3;1373;NULL;Min
BD_2110;2545;1;1365;NULL;S
BD_2110;27;2;1367;NULL;S
BD_2110;2786;3;1369;NULL;S
BD_2111;2565;1;1353;NULL;S
BD_2111;473;1;1353;NULL;S
BD_2111;2564;2;1367;NULL;S
BD_2111;2832;3;1368;NULL;Min
BD_2112;2566;1;1353;NULL;S
BD_2112;2787;2;1388;NULL;S
BD_2113;2567;1;1362;NULL;S
BD_2113;2832;2;1363;NULL;Min
BD_2114;2568;1;1367;NULL;S
BD_2114;2789;2;1367;NULL;S
BD_2115;38;1;1357;NULL;S
BD_2115;2731;2;1358;NULL;Min
BD_2116;2569;1;1365;NULL;S
BD_2116;2792;2;1366;NULL;Min
BD_2116;2832;3;1367;NULL;Min
BD_2117;9;1;1359;NULL;S
BD_2117;2832;2;1380;NULL;Min
BD_2118;2564;1;1362;NULL;S
BD_2118;2832;2;1363;NULL;Min
BD_2119;211;1;1366;NULL;S
BD_2119;2794;2;1367;NULL;Min
BD_2119;2795;2;1367;NULL;Min
BD_2119;2796;2;1367;NULL;Min
BD_2120;2570;1;1359;NULL;S
BD_2121;499;1;1360;NULL;S
BD_2121;2014;2;1370;NULL;S
BD_2121;2832;3;1371;NULL;Min
BD_2122;282;1;1322;NULL;S
BD_2122;2564;2;1367;NULL;S
BD_2122;2832;3;1368;NULL;Min
BD_2123;2564;1;1343;NULL;S
BD_2123;2798;2;1344;NULL;Min
BD_2123;2797;2;1374;NULL;S
BD_2123;2799;3;1382;NULL;S
BD_2124;2571;1;1362;NULL;S
BD_2124;2572;1;1362;NULL;S
BD_2124;2800;2;1369;NULL;S
BD_2124;2801;2;1369;NULL;S
BD_2124;2802;3;1385;NULL;S
BD_2125;2573;1;1362;NULL;S
BD_2126;1457;1;1366;NULL;S
BD_2126;2784;2;1372;NULL;S
BD_2126;2832;3;1373;NULL;Min
BD_2127;2574;1;1358;NULL;S
BD_2127;2785;2;1373;NULL;S
BD_2127;2832;4;1374;NULL;Min
BD_2128;2804;2;1382;NULL;S
BD_2128;2575;1;1300;1391;PS
BD_2128;2576;1;1300;1391;PS
BD_2129;2577;1;1362;NULL;S
BD_2129;2805;2;1373;NULL;S
BD_2129;2832;3;1374;NULL;Min
BD_2130;2578;1;1367;NULL;S
BD_2130;2832;2;1368;NULL;Min
BD_2131;2579;1;1370;NULL;S
BD_2131;2832;2;1371;NULL;Min
BD_2132;2580;1;1349;NULL;S
BD_2133;2581;1;1300;1391;PS
BD_2134;2582;1;1366;NULL;S
BD_2134;2807;2;1367;NULL;Min
BD_2134;2806;2;1396;NULL;S
BD_2135;2583;1;1366;NULL;S
BD_2135;2808;2;1394;NULL;S
BD_2135;2809;2;1394;NULL;S
BD_2136;2584;1;1364;NULL;S
BD_2136;2810;2;1365;NULL;Min
BD_2136;2811;3;1388;NULL;S
BD_2137;27;1;1352;NULL;S
BD_2138;2589;2;1366;NULL;Min
BD_2138;2586;1;1367;NULL;S
BD_2138;1971;1;1367;NULL;S
BD_2139;2587;1;1300;1391;PS
BD_2140;511;2;1371;NULL;S
BD_2140;2812;3;1389;NULL;S
BD_2140;2588;1;NULL;1370;Max
BD_2141;2813;2;1387;NULL;S
BD_2141;2814;2;1387;NULL;S
BD_2141;2589;1;;1386;Max
BD_2142;897;1;1362;NULL;S
BD_2142;2815;2;1371;NULL;S
BD_2142;2595;3;1372;NULL;Min
BD_2143;2590;1;1363;NULL;S
BD_2143;1990;2;1364;NULL;Min
BD_2144;2591;1;1362;NULL;S
BD_2144;2812;2;1389;NULL;S
BD_2145;2592;1;1365;NULL;S
BD_2145;2819;2;1371;NULL;S
BD_2145;2812;3;1393;NULL;S
BD_2145;2821;4;1395;NULL;S
BD_2146;232;1;1359;NULL;S
BD_2146;558;2;1390;NULL;S
BD_2147;2593;1;1351;NULL;S
BD_2147;2811;2;1389;NULL;S
BD_2148;2594;1;1352;NULL;S
BD_2149;2595;1;1358;NULL;S
BD_2149;2822;2;1389;NULL;S
BD_2150;2596;1;1365;NULL;S
BD_2151;2597;1;1362;NULL;S
BD_2151;2823;2;1370;NULL;S
BD_2151;2813;3;1383;NULL;S
BD_2152;2598;1;1363;NULL;S
BD_2152;2824;2;1389;NULL;S
BD_2153;483;1;1363;NULL;S
BD_2153;2813;2;1364;NULL;Min
BD_2153;2816;2;1364;NULL;Min
BD_2154;153;1;1343;NULL;S
BD_2154;2825;2;1379;NULL;S
BD_2155;191;1;1352;NULL;S
BD_2156;2593;1;1351;NULL;S
BD_2157;2593;1;1352;NULL;S
BD_2158;2599;1;1358;NULL;S
BD_2159;2485;1;1363;NULL;S
BD_2160;2600;1;1359;NULL;S
BD_2160;2485;1;1359;NULL;S
BD_2161;2601;1;1358;NULL;S
BD_2161;2826;2;1368;NULL;S
BD_2162;2602;1;1300;1391;PS
BD_2163;2584;1;1300;1391;PS
BD_2164;2603;1;1300;1391;PS
BD_2164;2604;1;1300;1391;PS
BD_2165;2605;1;1353;NULL;S
BD_2166;2605;1;1353;NULL;S
BD_2167;2605;1;1352;NULL;S
BD_2168;2606;1;1366;NULL;S
BD_2169;2607;1;1370;NULL;S
BD_2170;2608;1;1370;NULL;S
BD_2170;2828;2;1371;NULL;Min
BD_2170;2827;2;1393;NULL;S
BD_2170;2830;3;1395;NULL;S
BD_2171;1630;1;1370;NULL;S
BD_2172;1605;1;1370;NULL;S
BD_2173;2609;1;1370;NULL;S
BD_2174;1953;1;1373;NULL;S
BD_2175;1953;1;1372;NULL;S
BD_2176;2610;1;1370;NULL;S
BD_2177;2611;1;1374;NULL;S
BD_2178;2609;1;1374;NULL;S
BD_2179;2612;1;1375;NULL;S
BD_2180;2614;1;1373;NULL;S
BD_2180;2613;1;1373;NULL;S
BD_2181;2615;1;1371;NULL;S
BD_2182;2616;1;1370;NULL;S
BD_2183;2617;1;1374;NULL;S
BD_2184;2618;1;1370;NULL;S
BD_2185;2569;1;1365;NULL;S
BD_2186;232;1;1359;NULL;S
BD_2186;558;2;1390;NULL;S
BD_2187;1630;1;1370;NULL;S
BND_2401;2844;1;1300;1391;PS
BND_2402;2845;1;1300;1391;PS
BND_2403;2849;1;1300;1391;PS
BND_2405;2850;1;1300;1391;PS
BND_2406;2851;1;1300;1391;PS
BND_2407;2852;1;1300;1391;PS
BND_2408;2853;1;1300;1391;PS
BND_2409;2854;1;1300;1391;PS
BND_2410;2492;1;1300;1391;PS
BND_2411;263;1;1300;1391;PS
BND_2412;2855;1;1300;1391;PS
BND_2413;2857;1;1300;1391;PS
BND_2413;2857;1;1300;1391;PS
BND_2413;2856;1;1300;1391;PS
BND_2414;2858;1;1300;1391;PS
BND_2415;2859;1;1300;1391;PS
BND_2416;2860;1;1300;1391;PS
BND_2417;1933;1;1300;1391;PS
BND_2418;1924;1;1300;1391;PS
BND_2419;2861;1;1300;1391;PS
BND_2420;1016;1;1300;1391;PS
BND_2421;2862;1;1300;1391;PS
BND_2422;2863;1;1300;1391;PS
BND_2423;2497;1;1300;1391;PS
BND_2424;555;1;1300;1391;PS
BND_2425;2864;1;1300;1391;PS
BND_2426;2865;1;1300;1391;PS
BND_2427;2867;1;1300;1391;PS
BND_2428;2868;1;1300;1391;PS
BND_2429;2500;1;1300;1391;PS
BND_2430;2869;1;1300;1391;PS
BND_2431;2870;1;1300;1391;PS
BND_2432;2871;1;1300;1391;PS
BND_2433;2872;1;1300;1391;PS
BND_2434;2873;1;1300;1391;PS
BND_2435;2875;1;1300;1391;PS
BND_2436;1888;1;1300;1391;PS
BND_2437;2505;1;1300;1391;PS
BND_2438;2877;1;1300;1391;PS
BND_2439;2879;1;1300;1391;PS
BND_2440;2880;1;1300;1391;PS
BND_2441;977;1;1300;1391;PS
BND_2442;2881;1;1300;1391;PS
BND_2443;612;1;1300;1391;PS
BND_2444;2882;1;1300;1391;PS
BND_2445;2884;1;1300;1391;PS
BND_2446;2885;1;1300;1391;PS
BND_2447;2515;1;1300;1391;PS
BND_2447;2516;1;1300;1391;PS
BND_2448;2897;1;1300;1391;PS
BND_2449;2945;1;1300;1391;PS
BND_2450;281;1;1300;1391;PS
BND_2451;2899;1;1300;1391;PS
BND_2452;2934;1;1300;1391;PS
BND_2453;211;1;1300;1391;PS
BND_2454;1281;1;1300;1391;PS
BND_2455;1024;1;1300;1391;PS
BND_2456;2913;1;1300;1391;PS
BND_2457;2937;1;1300;1391;PS
BND_2458;2935;1;1300;1391;PS
BND_2459;2905;1;1300;1391;PS
BND_2460;2898;1;1300;1391;PS
BND_2461;2939;1;1300;1391;PS
BND_2462;2004;1;1300;1391;PS
BND_2463;503;1;1300;1391;PS
BND_2464;2681;1;1300;1391;PS
BND_2465;1281;1;1300;1391;PS
BND_2466;2942;1;1300;1391;PS
BND_2467;2957;1;1300;1391;PS
BND_2468;2950;1;1300;1391;PS
BND_2469;1691;1;1300;1391;PS
BND_2470;2909;1;1300;1391;PS
BND_2471;2943;1;1300;1391;PS
BND_2472;2926;1;1300;1391;PS
BND_2473;2940;1;1300;1391;PS
BND_2474;2946;1;1300;1391;PS
BND_2475;2952;1;1300;1391;PS
BND_2476;2917;1;1300;1391;PS
BND_2477;2936;1;1300;1391;PS
BND_2478;2899;1;1300;1391;PS
BND_2479;2893;1;1300;1391;PS
BND_2480;2908;1;1300;1391;PS
BND_2481;18;1;1300;1391;PS
BND_2482;1038;1;1300;1391;PS
BND_2483;2888;1;1300;1391;PS
BND_2484;2928;1;1300;1391;PS
BND_2485;2932;1;1300;1391;PS
BND_2486;2933;1;1300;1391;PS
BND_2487;2900;1;1300;1391;PS
BND_2488;2928;1;1300;1391;PS
BND_2489;2892;1;1300;1391;PS
BND_2490;1041;1;1300;1391;PS
BND_2490;2902;1;1300;1391;PS
BND_2491;2948;1;1300;1391;PS
BND_2492;968;1;1300;1391;PS
BND_2493;2920;1;1300;1391;PS
BND_2494;2938;1;1300;1391;PS
BND_2495;2921;1;1300;1391;PS
BND_2496;2903;1;1300;1391;PS
BND_2497;361;1;1300;1391;PS
BND_2498;361;1;1300;1391;PS
BND_2499;2894;1;1300;1391;PS
BND_2500;2911;1;1300;1391;PS
BND_2501;2941;1;1300;1391;PS
BND_2502;2949;1;1300;1391;PS
BND_2503;2916;1;1300;1391;PS
BND_2504;2951;1;1300;1391;PS
BND_2505;2895;1;1300;1391;PS
BND_2506;2907;1;1300;1391;PS
BND_2507;2611;1;1300;1391;PS
BND_2508;2896;1;1300;1391;PS
BND_2509;2890;1;1300;1391;PS
BND_2510;2896;1;1300;1391;PS
BND_2511;2103;1;1300;1391;PS
BND_2512;668;1;1300;1391;PS
BND_2513;2918;1;1300;1391;PS
BND_2514;18;1;1300;1391;PS
BND_2515;2929;1;1300;1391;PS
BND_2516;2929;1;1300;1391;PS
BND_2517;1035;1;1300;1391;PS
BND_2518;730;1;1300;1391;PS
BND_2518;791;1;1300;1391;PS
BND_2519;2923;1;1300;1391;PS
BND_2520;730;1;1300;1391;PS
BND_2521;2922;1;1300;1391;PS
BND_2522;2900;1;1300;1391;PS
BND_2523;57;1;1300;1391;PS
BND_2524;2955;1;1300;1391;PS
BND_2525;2886;1;1300;1391;PS
BND_2526;1074;1;1300;1391;PS
BND_2527;2954;1;1300;1391;PS
BND_2528;2893;1;1300;1391;PS
BND_2529;2953;1;1300;1391;PS
BND_2530;2904;1;1300;1391;PS
BND_2531;2560;1;1300;1391;PS
BND_2532;2924;1;1300;1391;PS
BND_2533;2925;1;1300;1391;PS
BND_2534;2564;1;1300;1391;PS
BND_2535;857;1;1300;1391;PS
BND_2536;2901;1;1300;1391;PS
BND_2537;1942;1;1300;1391;PS
BND_2538;2889;1;1300;1391;PS
BND_2539;1441;1;1300;1391;PS
BND_2540;2944;1;1300;1391;PS
BND_2541;2947;1;1300;1391;PS
BND_2542;2906;1;1300;1391;PS
BND_2543;2936;1;1300;1391;PS
BND_2544;2921;1;1300;1391;PS
BND_2545;2582;1;1300;1391;PS
BND_2546;2935;1;1300;1391;PS
BND_2547;1111;1;1300;1391;PS
BND_2548;628;1;1300;1391;PS
BND_2549;2784;1;1300;1391;PS
BND_2550;2891;1;1300;1391;PS
BND_2551;281;1;1300;1391;PS
BND_2552;153;1;1300;1391;PS
BND_2553;2895;1;1300;1391;PS
BND_2554;2931;1;1300;1391;PS
BND_2555;2606;1;1300;1391;PS
BND_2556;2927;1;1300;1391;PS
BND_2557;1953;1;1300;1391;PS
BND_2558;1989;1;1300;1391;PS
BND_2559;1953;1;1300;1391;PS
BND_2560;2915;1;1300;1391;PS
BND_2561;2930;1;1300;1391;PS
BND_2562;2935;1;1300;1391;PS
BD_7001;1783;1;1366;1398;PS
BD_7002;1708;1;1366;1398;PS
BD_7003;1645;1;1366;1398;PS
BD_7004;1571;1;1366;1398;PS
BD_7004;1778;1;1366;1398;PS
BD_7005;503;1;1366;1398;PS
BD_7006;549;1;1366;1398;PS
BD_7007;1848;1;1366;1398;PS
BD_7008;456;1;1366;1398;PS
BD_7009;1848;1;1366;1398;PS
BD_7010;1563;1;1366;1398;PS
BD_7011;1518;1;1366;1398;PS
BD_7011;1564;1;1366;1398;PS
BD_7012;503;1;1366;1398;PS
BD_7013;11;1;1366;1398;PS
BD_7014;1604;1;1366;1398;PS
BD_7015;1604;1;1366;1398;PS
BD_7016;50;1;1366;1398;PS
BD_7017;26;1;1366;1398;PS
BD_7018;74;1;1366;1398;PS
BD_7018;2032;2;1366;1398;PS
BD_7018;2834;3;1366;1398;PS
BD_7018;2062;4;1366;1398;PS
BD_7019;1755;1;1366;1398;PS
BD_7019;2169;2;1366;1398;PS
BD_7020;1741;1;1366;1398;PS
BD_7020;2169;2;1366;1398;PS
BD_7021;1577;1;1366;1398;PS
BD_7021;2112;2;1366;1398;PS
BD_7021;2160;3;1366;1398;PS
BD_7021;2044;4;1366;1398;PS
BD_7022;1770;1;1366;1398;PS
BD_7023;1743;1;NULL;1372;Max
BD_7023;2089;2;1373;NULL;S
BD_7024;1613;1;1366;1398;PS
BD_7024;2232;2;1366;1398;PS
BD_7025;1506;1;NULL;1379;Max
BD_7025;2057;2;1380;NULL;S
BD_7026;982;1;NULL;1377;Max
BD_7026;2254;2;1378;NULL;S
BD_7026;2121;3;1379;NULL;Min
BD_7027;112;1;NULL;1389;Max
BD_7027;2081;2;1390;NULL;S
BD_7028;1790;1;1366;1393;PS
BD_7028;1781;2;NULL;1394;Max
BD_7028;2153;3;1395;NULL;S
BD_7029;1808;1;1366;1398;PS
BD_7030;1616;1;1366;1398;PS
BD_7031;1842;1;1366;1398;PS
BD_7031;2151;2;1366;1398;PS
BD_7032;1615;1;1366;1398;PS
BD_7032;2241;2;1366;1398;PS
BD_7032;2125;3;1366;1398;PS
BD_7033;1808;1;1366;1398;PS
BD_7034;1636;1;1366;1398;PS
BD_7035;1593;1;1366;1398;PS
BD_7035;2208;2;1366;1398;PS
BD_7035;2097;2;1366;1398;PS
BD_7035;1628;3;1366;1398;PS
BD_7035;1539;3;1366;1398;PS
BD_7036;1748;1;1366;1398;PS
BD_7036;72;2;1366;1398;PS
BD_7037;365;1;NULL;1379;Max
BD_7037;1808;2;1380;NULL;S
BD_7037;2262;3;1381;NULL;Min
BD_7038;492;1;1366;1398;PS
BD_7039;1680;1;1366;1398;PS
BD_7040;9;1;1366;1398;PS
BD_7041;339;1;1366;1398;PS
BD_7042;1707;1;1366;1398;PS
BD_7043;1547;1;1366;1398;PS
BD_7044;1502;1;1366;1398;PS
BD_7045;1690;1;1366;1398;PS
BD_7046;1583;1;1366;1398;PS
BD_7047;922;1;1366;1398;PS
BD_7047;1561;2;1366;1398;PS
BD_7047;2060;2;1366;1398;PS
BD_7047;2020;3;1366;1398;PS
BD_7048;341;1;1366;1398;PS
BD_7049;1600;1;1366;1398;PS
BD_7049;1529;2;1366;1398;PS
BD_7050;1717;1;1366;1398;PS
BD_7051;1837;1;1366;1398;PS
BD_7052;1717;1;1366;1398;PS
BD_7052;2135;2;1366;1398;PS
BD_7053;1786;1;1366;1398;PS
BD_7053;2094;2;1366;1398;PS
BD_7054;1521;1;1366;1398;PS
BD_7055;1573;1;1366;1398;PS
BD_7056;1574;1;1366;1398;PS
BD_7057;60;1;1366;1398;PS
BD_7057;2043;2;1366;1398;PS
BD_7058;1538;1;NULL;1379;Max
BD_7058;1959;2;1380;NULL;S
BD_7059;1565;1;1366;1398;PS
BD_7060;1712;1;1366;1398;PS
BD_7061;1805;1;1366;1398;PS
BD_7061;2220;2;1366;1398;PS
BD_7062;1750;1;1366;1398;PS
BD_7063;722;1;1366;1398;PS
BD_7064;1832;1;1366;1398;PS
BD_7065;420;1;1366;1398;PS
BD_7066;1499;1;1366;1398;PS
BD_7067;2485;1;1366;1398;PS
BD_7067;2070;2;1366;1398;PS
BD_7067;2120;3;1366;1398;PS
BD_7067;2034;4;1366;1398;PS
BD_7067;2143;5;1366;1398;PS
BD_7067;2171;6;1366;1398;PS
BD_7068;1620;1;1366;1398;PS
BD_7068;2084;2;1366;1398;PS
BD_7069;1862;1;1366;1398;PS
BD_7069;2127;2;1366;1398;PS
BD_7069;2068;2;1366;1398;PS
BD_7069;1578;3;1366;1398;PS
BD_7070;1771;1;1366;1398;PS
BD_7070;2155;2;1366;1398;PS
BD_7070;1578;3;1366;1398;PS
BD_7071;2019;1;1366;1398;PS
BD_7071;2018;1;1366;1398;PS
BD_7071;1518;2;1366;1398;PS
BD_7071;1578;3;1366;1398;PS
BD_7072;1576;1;1366;1398;PS
BD_7072;2084;2;1366;1398;PS
BD_7073;1799;1;1366;1398;PS
BD_7074;1704;1;NULL;1390;Max
BD_7074;2058;2;1392;NULL;S
BD_7074;2197;2;1391;NULL;S
BD_7074;1857;3;1392;NULL;Min
BD_7074;2134;4;NULL;NULL;S
BD_7074;2212;5;NULL;NULL;S
BD_7075;1820;1;NULL;1389;Max
BD_7075;2085;2;1390;NULL;S
BD_7076;1578;1;1366;1398;PS
BD_7077;1548;1;NULL;1372;Max
BD_7077;1866;2;1373;NULL;S
BD_7077;2052;3;1380;NULL;S
BD_7078;1568;1;1366;1398;PS
BD_7078;2080;2;1366;1398;PS
BD_7079;1495;1;1366;1398;PS
BD_7079;2026;2;1366;1398;PS
BD_7080;1731;1;1366;1398;PS
BD_7081;1696;1;1366;1398;PS
BD_7081;2158;2;1366;1398;PS
BD_7081;2186;2;1366;1398;PS
BD_7082;149;1;NULL;1372;Max
BD_7082;2101;2;1373;NULL;S
BD_7082;102;3;NULL;1380;Max
BD_7082;2119;4;1381;NULL;S
BD_7082;2263;4;1382;NULL;S
BD_7083;1611;1;1366;1398;PS
BD_7083;2069;2;1366;1398;PS
BD_7084;1663;1;1366;1398;PS
BD_7084;2119;2;1366;1398;PS
BD_7084;2263;2;1366;1398;PS
BD_7085;1567;1;1366;1398;PS
BD_7086;2486;1;1366;1398;PS
BD_7086;2100;2;1366;1398;PS
BD_7087;1796;1;1366;1372;PS
BD_7087;2231;2;NULL;1373;Max
BD_7087;1716;3;1374;NULL;S
BD_7087;2123;3;1374;NULL;S
BD_7087;2211;4;1375;NULL;Min
BD_7087;2190;5;NULL;NULL;S
BD_7088;1619;1;NULL;NULL;S
BD_7088;1714;1;NULL;1370;Max
BD_7088;2045;2;1371;NULL;S
BD_7088;2177;3;1372;NULL;Min
BD_7089;1580;1;NULL;NULL;S
BD_7090;463;1;NULL;1380;Max
BD_7090;2078;2;1381;NULL;S
BD_7091;1503;1;NULL;NULL;S
BD_7091;1458;2;NULL;1375;Max
BD_7091;2219;3;1376;NULL;S
BD_7091;2255;4;1377;1398;PS
BD_7092;1787;1;1366;1398;PS
BD_7093;1775;1;NULL;1371;Max
BD_7093;2061;2;1372;NULL;S
BD_7093;2024;3;1373;NULL;S
BD_7093;2227;4;NULL;1374;Max
BD_7093;2179;5;1375;NULL;S
BD_7093;2213;6;1376;NULL;Min
BD_7093;2063;6;1376;NULL;Min
BD_7094;1722;1;1366;1371;PS
BD_7094;1754;1;1366;1371;PS
BD_7094;1741;2;NULL;1372;Max
BD_7094;2233;3;1373;NULL;S
BD_7094;2173;3;1373;NULL;S
BD_7095;1854;1;1366;1398;PS
BD_7095;1716;2;1366;1398;PS
BD_7096;1621;1;1366;1398;PS
BD_7096;1598;2;1366;1398;PS
BD_7096;1731;3;1366;1398;PS
BD_7096;2170;4;1366;1398;PS
BD_7097;1762;1;1366;1398;PS
BD_7097;2265;2;1366;1398;PS
BD_7097;2150;2;1366;1398;PS
BD_7098;1739;1;1366;1398;PS
BD_7098;2037;2;1366;1398;PS
BD_7098;2106;3;1366;1398;PS
BD_7098;538;4;NULL;1380;Max
BD_7098;2266;5;1381;NULL;S
BD_7098;2141;6;1382;NULL;Min
BD_7098;2150;7;1366;1398;PS
BD_7098;1716;8;1366;1398;PS
BD_7099;1733;1;1366;1398;PS
BD_7099;1598;1;1366;1398;PS
BD_7099;2221;2;1366;1398;PS
BD_7099;2234;2;1366;1398;PS
BD_7099;2235;3;1366;1398;PS
BD_7099;2193;3;1366;1398;PS
BD_7100;1740;1;1366;1398;PS
BD_7101;1527;1;1366;1398;PS
BD_7101;2191;2;1366;1398;PS
BD_7101;2092;3;1366;1398;PS
BD_7101;2308;3;1366;1398;PS
BD_7101;1725;4;1366;1398;PS
BD_7102;1792;1;NULL;1373;Max
BD_7102;2246;2;1374;NULL;S
BD_7102;2180;2;1374;NULL;S
BD_7103;1542;1;1366;1398;PS
BD_7103;2021;2;1366;1398;PS
BD_7103;1543;2;1366;1398;PS
BD_7103;2142;2;1366;1398;PS
BD_7104;1846;1;NULL;1370;Max
BD_7104;1729;2;1371;NULL;S
BD_7104;1861;2;1371;NULL;S
BD_7104;1552;2;1372;NULL;S
BD_7104;2118;3;1376;NULL;S
BD_7104;2195;3;1376;NULL;S
BD_7105;1552;1;1366;1398;PS
BD_7106;1729;1;1366;1398;PS
BD_7106;1861;1;1366;1398;PS
BD_7106;1552;2;1366;1398;PS
BD_7106;2195;3;1366;1398;PS
BD_7107;1673;1;1366;1398;PS
BD_7107;1552;2;1366;1398;PS
BD_7107;2195;3;1366;1398;PS
BD_7108;1736;1;NULL;1373;Max
BD_7108;656;2;1374;NULL;S
BD_7108;1809;3;1375;NULL;Min
BD_7109;1806;1;1366;1398;PS
BD_7110;1732;1;1366;1398;PS
BD_7111;1685;1;1366;1398;PS
BD_7111;1519;1;NULL;1375;Max
BD_7111;2069;2;1376;NULL;S
BD_7111;2117;2;1377;NULL;S
BD_7112;1643;1;NULL;1369;Max
BD_7112;2069;2;1370;NULL;S
BD_7112;2086;3;1371;NULL;Min
BD_7112;2267;4;NULL;NULL;S
BD_7113;1493;1;NULL;NULL;S
BD_7114;1497;1;NULL;1371;Max
BD_7114;2163;2;1372;NULL;S
BD_7114;2240;2;1372;NULL;S
BD_7114;2146;3;1373;NULL;Min
BD_7114;2178;3;1373;NULL;Min
BD_7115;1589;1;NULL;NULL;S
BD_7115;1706;1;NULL;1379;Max
BD_7115;2194;2;1380;NULL;S
BD_7115;2196;2;1380;NULL;S
BD_7115;2145;3;1381;NULL;Min
BD_7115;2156;3;1381;NULL;Min
BD_7116;1683;1;NULL;1371;Max
BD_7116;2257;2;1372;NULL;S
BD_7116;2110;2;1372;NULL;S
BD_7117;1683;1;NULL;NULL;S
BD_7118;1514;1;NULL;1380;Max
BD_7118;2078;2;1381;NULL;S
BD_7119;1693;1;NULL;NULL;S
BD_7119;2078;2;NULL;NULL;S
BD_7120;1495;1;NULL;1366;Max
BD_7120;2166;2;1367;NULL;S
BD_7121;1495;1;NULL;1369;Max
BD_7121;2174;2;1370;NULL;S
BD_7121;2161;2;1370;NULL;S
BD_7122;1495;1;1366;1398;PS
BD_7122;2315;2;1366;1398;PS
BD_7122;2249;3;1366;1398;PS
BD_7123;1497;1;1366;1398;PS
BD_7123;2115;2;1366;1398;PS
BD_7124;1497;1;1366;1398;PS
BD_7124;2250;2;1366;1398;PS
BD_7125;1809;1;NULL;1379;Max
BD_7125;2243;2;1380;NULL;S
BD_7125;2138;3;1381;NULL;Min
BD_7125;2181;3;1381;NULL;Min
BD_7126;1494;1;1366;1398;PS
BD_7126;1634;1;1366;1398;PS
BD_7126;2236;2;1366;1398;PS
BD_7126;2056;3;1366;1398;PS
BD_7127;1728;1;NULL;1376;Max
BD_7127;2164;2;1377;NULL;S
BD_7128;1760;1;NULL;NULL;S
BD_7129;1679;1;NULL;1371;Max
BD_7129;1728;2;1372;NULL;S
BD_7129;2164;3;1373;NULL;S
BD_7130;1579;1;1366;1374;PS
BD_7130;2077;2;NULL;1375;Max
BD_7130;2059;3;1376;NULL;S
BD_7131;1644;1;NULL;1366;Max
BD_7131;2114;2;1367;NULL;S
BD_7131;2159;3;1371;NULL;S
BD_7132;1644;1;NULL;1366;Max
BD_7132;2114;2;1367;NULL;S
BD_7132;2159;3;1371;NULL;S
BD_7133;205;1;1366;1398;PS
BD_7133;2246;2;1366;1398;PS
BD_7133;2180;2;1366;1398;PS
BD_7133;1716;3;1366;1398;PS
BD_7133;2123;3;1366;1398;PS
BD_7134;1669;1;1366;1398;PS
BD_7134;1701;1;1366;1385;PS
BD_7134;1953;2;NULL;1386;Max
BD_7134;657;3;1387;NULL;S
BD_7135;1504;1;1366;1398;PS
BD_7135;2073;2;1366;1398;PS
BD_7136;1497;1;1366;1398;PS
BD_7136;2264;2;1366;1398;PS
BD_7137;1782;1;NULL;1370;Max
BD_7137;1622;1;NULL;1370;Max
BD_7137;2063;2;1371;NULL;S
BD_7137;1585;3;1372;NULL;Max
BD_7138;1588;1;1366;1398;PS
BD_7138;1737;1;1366;1398;PS
BD_7138;2063;2;1366;1398;PS
BD_7138;1585;3;1366;1398;PS
BD_7139;1491;1;NULL;1373;Max
BD_7139;1671;1;NULL;1373;Max
BD_7139;2164;2;1374;NULL;S
BD_7139;1728;2;1373;NULL;S
BD_7139;2164;3;1375;NULL;Min
BD_7140;1721;1;1366;1398;PS
BD_7140;1572;1;1366;1398;PS
BD_7140;2245;2;1366;1398;PS
BD_7140;2116;2;1366;1398;PS
BD_7140;2033;3;1366;1398;PS
BD_7140;2223;4;1366;1398;PS
BD_7140;2076;4;1366;1398;PS
BD_7141;1490;1;NULL;1372;Max
BD_7141;1757;1;NULL;1372;Max
BD_7141;2228;2;1373;NULL;S
BD_7141;657;3;1374;NULL;Min
BD_7141;2071;4;1375;1398;PS
BD_7142;1761;1;NULL;1370;Max
BD_7142;1753;1;NULL;1370;Max
BD_7142;2234;2;1371;NULL;S
BD_7142;2066;3;1372;NULL;Min
BD_7143;1822;1;1366;1398;PS
BD_7143;2206;2;1366;1398;PS
BD_7143;2167;3;1366;1398;PS
BD_7144;1853;1;1366;1398;PS
BD_7144;2168;2;1366;1398;PS
BD_7144;831;3;1366;1398;PS
BD_7144;2251;3;1366;1398;PS
BD_7144;2226;4;1366;1398;PS
BD_7145;1514;1;NULL;1380;Max
BD_7145;2078;2;1381;NULL;S
BD_7146;1514;1;1366;1398;PS
BD_7146;2078;2;1366;1398;PS
BD_7147;1514;1;1366;1398;PS
BD_7147;2078;2;1366;1398;PS
BD_7148;1498;1;1366;1398;PS
BD_7149;1598;1;1366;1398;PS
BD_7149;1733;1;1366;1398;PS
BD_7149;1731;2;1366;1398;PS
BD_7149;2198;3;1366;1398;PS
BD_7150;1627;1;1366;1398;PS
BD_7150;2215;2;1366;1398;PS
BD_7150;2184;3;1366;1398;PS
BD_7150;1731;3;1366;1398;PS
BD_7150;1585;3;1366;1398;PS
BD_7150;1944;4;1366;1398;PS
BD_7151;1558;1;NULL;1370;Max
BD_7151;2027;2;1371;NULL;S
BD_7151;2268;3;1386;NULL;S
BD_7152;1703;1;1366;1398;PS
BD_7152;1320;2;NULL;1380;Max
BD_7152;2268;3;1381;NULL;S
BD_7153;1785;1;1366;1398;PS
BD_7153;2238;2;1366;1398;PS
BD_7153;2214;2;1366;1398;PS
BD_7154;1505;1;1366;1398;PS
BD_7154;1753;1;1366;1398;PS
BD_7154;2071;2;1366;1398;PS
BD_7155;1705;1;1366;1398;PS
BD_7155;1852;1;1366;1398;PS
BD_7155;2128;2;1366;1398;PS
BD_7156;1844;1;1366;1398;PS
BD_7156;2182;2;1366;1398;PS
BD_7156;2162;2;1366;1398;PS
BD_7157;1749;1;1366;1398;PS
BD_7157;1746;1;1366;1398;PS
BD_7157;2197;2;1366;1398;PS
BD_7158;1695;1;1366;1398;PS
BD_7158;1492;1;1366;1398;PS
BD_7158;2197;2;1366;1398;PS
BD_7159;1492;1;1366;1398;PS
BD_7159;1695;1;1366;1398;PS
BD_7159;2197;2;1366;1398;PS
BD_7160;1221;1;1366;1398;PS
BD_7160;513;1;1366;1398;PS
BD_7160;2111;2;1366;1398;PS
BD_7160;2201;2;1366;1398;PS
BD_7161;1749;1;1366;1398;PS
BD_7161;1746;1;1366;1398;PS
BD_7162;1818;1;1366;1398;PS
BD_7162;2041;2;1366;1398;PS
BD_7163;1639;1;1366;1398;PS
BD_7164;1551;1;NULL;1379;Max
BD_7164;1730;1;NULL;1379;Max
BD_7164;2031;2;1380;NULL;S
BD_7165;1551;1;1366;1398;PS
BD_7165;1730;1;1366;1398;PS
BD_7165;2031;2;1366;1398;PS
BD_7166;1788;1;NULL;1380;Max
BD_7166;1850;1;NULL;1380;Max
BD_7166;1688;2;1381;NULL;S
BD_7166;1850;3;1387;NULL;S
BD_7166;2270;4;1388;NULL;Min
BD_7167;1736;1;NULL;1373;Max
BD_7167;2242;2;1374;NULL;S
BD_7167;2225;3;1375;NULL;S
BD_7167;2144;3;1375;NULL;S
BD_7168;1797;1;NULL;1370;Max
BD_7168;2269;2;1371;NULL;S
BD_7168;1006;3;1372;NULL;Min
BD_7168;2183;3;1373;1398;PS
BD_7169;1687;1;1366;1398;PS
BD_7169;1605;1;1366;1398;PS
BD_7169;2126;2;1366;1398;PS
BD_7169;2068;3;NULL;1397;Max
BD_7169;2131;4;1398;NULL;S
BD_7170;1682;1;1366;1398;PS
BD_7170;1780;1;1366;1398;PS
BD_7170;2074;2;NULL;1371;Max
BD_7170;2029;3;1372;NULL;S
BD_7171;1842;1;NULL;1375;Max
BD_7171;2237;2;1376;NULL;S
BD_7171;2124;2;1376;NULL;S
BD_7171;1544;2;1376;NULL;S
BD_7172;1810;1;1366;1398;PS
BD_7173;1554;1;1366;1398;PS
BD_7173;1953;2;1366;1398;PS
BD_7173;657;3;1366;1398;PS
BD_7174;1612;1;1366;1398;PS
BD_7175;1855;1;1366;1398;PS
BD_7176;1674;1;NULL;1379;Max
BD_7176;2216;2;1380;NULL;S
BD_7177;1648;1;1366;1370;PS
BD_7177;97;2;NULL;1371;Max
BD_7177;2270;3;1372;NULL;S
BD_7177;2189;4;1373;NULL;Min
BD_7177;2099;4;1374;NULL;Min
BD_7178;1123;1;1366;1398;PS
BD_7178;1625;1;1366;1398;PS
BD_7179;1655;1;1366;1398;PS
BD_7180;1652;1;1366;1398;PS
BD_7181;520;1;1366;1398;PS
BD_7181;2157;2;1366;1398;PS
BD_7182;503;1;1366;1398;PS
BD_7182;2103;2;1366;1398;PS
BD_7182;2248;3;1366;1398;PS
BD_7182;2247;4;1366;1398;PS
BD_7183;356;1;1366;1398;PS
BD_7183;503;2;1366;1398;PS
BD_7184;1594;1;NULL;1380;Max
BD_7184;1766;1;NULL;1380;Max
BD_7184;2205;2;1381;NULL;S
BD_7185;509;1;1366;1398;PS
BD_7186;1647;1;1366;1398;PS
BD_7187;1691;1;1366;1398;PS
BD_7187;2132;2;1366;1398;PS
BD_7188;539;1;1366;1398;PS
BD_7189;1271;1;1366;1398;PS
BD_7190;1582;1;1366;1398;PS
BD_7191;1614;1;1366;1398;PS
BD_7191;1779;1;1366;1398;PS
BD_7191;2025;2;1366;1398;PS
BD_7192;1546;1;1366;1398;PS
BD_7192;2098;2;1366;1398;PS
BD_7192;2836;3;1366;1398;PS
BD_7193;1723;1;1366;1398;PS
BD_7193;2244;2;1366;1398;PS
BD_7193;2207;3;1366;1398;PS
BD_7194;1791;1;1366;1398;PS
BD_7195;1839;1;1366;1398;PS
BD_7196;1816;1;NULL;1393;Max
BD_7196;2130;2;1394;NULL;S
BD_7196;2209;2;1394;NULL;S
BD_7197;1727;1;1366;1398;PS
BD_7197;2185;2;1366;1398;PS
BD_7198;1716;1;1366;1398;PS
BD_7199;1560;1;1366;1398;PS
BD_7200;1745;1;1366;1398;PS
BD_7201;1735;1;1366;1398;PS
BD_7202;1833;1;1366;1398;PS
BD_7202;2122;2;NULL;1394;Max
BD_7202;1911;3;1395;NULL;S
BD_7202;2218;3;1396;NULL;S
BD_7203;1608;1;1366;1398;PS
BD_7204;1810;1;1366;1398;PS
BD_7205;1702;1;1366;1398;PS
BD_7206;1793;1;1366;1398;PS
BD_7206;1697;2;1366;1398;PS
BD_7207;1715;1;1366;1398;PS
BD_7208;1697;1;1366;1398;PS
BD_7209;350;1;1366;1398;PS
BD_7210;1815;1;1366;1398;PS
BD_7211;1649;1;1366;1398;PS
BD_7212;1665;1;1366;1398;PS
BD_7213;1637;1;1366;1398;PS
BD_7214;1581;1;1366;1398;PS
BD_7215;1606;1;1366;1398;PS
BD_7216;1720;1;1366;1398;PS
BD_7217;1592;1;1366;1398;PS
BD_7217;2050;2;1366;1398;PS
BD_7217;2108;3;1366;1398;PS
BD_7218;1632;1;1366;1398;PS
BD_7218;2050;2;1366;1398;PS
BD_7218;2108;3;1366;1398;PS
BD_7219;199;1;1366;1398;PS
BD_7219;2837;2;1366;1398;PS
BD_7220;1507;1;1366;1398;PS
BD_7220;1603;1;1366;1379;PS
BD_7220;2039;2;NULL;1380;Max
BD_7220;2137;3;1381;NULL;S
BD_7220;2222;3;1381;NULL;S
BD_7220;2093;4;1389;NULL;S
BD_7220;2256;4;1389;NULL;S
BD_7220;2172;5;1390;NULL;Min
BD_7221;1508;1;1366;1398;PS
BD_7221;2152;2;1366;1398;PS
BD_7221;43;3;1366;1398;PS
BD_7222;1603;1;NULL;1379;Max
BD_7222;1507;1;NULL;1379;Max
BD_7222;2176;2;1380;NULL;S
BD_7222;2199;3;1386;NULL;S
BD_7223;1849;1;NULL;1372;Max
BD_7223;42;2;1373;NULL;S
BD_7223;2149;3;1375;NULL;S
BD_7224;1524;1;NULL;1371;Max
BD_7224;2083;2;1372;NULL;S
BD_7224;2175;3;1384;NULL;S
BD_7225;1601;1;1366;1398;PS
BD_7225;1602;2;1366;1398;PS
BD_7225;2104;3;1366;1398;PS
BD_7226;1817;1;1366;1398;PS
BD_7226;2259;2;1366;1398;PS
BD_7226;2046;3;1366;1398;PS
BD_7227;1626;1;1366;1398;PS
BD_7228;1570;1;1366;1398;PS
BD_7229;1765;1;1366;1398;PS
BD_7230;1849;1;1366;1398;PS
BD_7230;2224;2;1366;1398;PS
BD_7230;2107;3;1366;1398;PS
BD_7231;637;1;1366;1398;PS
BD_7231;2053;2;1366;1398;PS
BD_7232;1840;1;NULL;1375;Max
BD_7232;2202;2;1376;NULL;S
BD_7233;1826;1;1366;1398;PS
BD_7234;1517;1;NULL;1373;Max
BD_7234;2090;2;1374;NULL;S
BD_7234;2072;3;1375;NULL;Min
BD_7235;1827;1;NULL;NULL;S
BD_7236;1081;1;1366;1398;PS
BD_7237;1517;1;1366;1398;PS
BD_7238;1752;1;1366;1398;PS
BD_7238;2147;2;1366;1398;PS
BD_7238;2040;3;1366;1398;PS
BD_7239;1515;1;1366;1398;PS
BD_7240;1811;1;1366;1398;PS
BD_7241;1628;1;1366;1398;PS
BD_7241;1539;1;1366;1398;PS
BD_7242;1596;1;1366;1398;PS
BD_7243;1596;1;1366;1398;PS
BD_7243;2102;2;1366;1398;PS
BD_7243;2067;3;1366;1398;PS
BD_7243;2253;4;1366;1398;PS
BD_7244;1686;1;1366;1398;PS
BD_7245;1536;1;1366;1398;PS
BD_7246;1795;1;1366;1398;PS
BD_7246;2192;2;1366;1398;PS
BD_7246;2036;3;1366;1398;PS
BD_7247;1864;1;1366;1398;PS
BD_7248;1550;1;NULL;1370;Max
BD_7248;1562;1;NULL;1370;Max
BD_7248;2023;2;1371;NULL;S
BD_7249;1595;1;NULL;1372;Max
BD_7249;312;2;1373;NULL;S
BD_7249;1987;2;1373;NULL;S
BD_7250;1843;1;NULL;1374;Max
BD_7250;2133;2;1375;NULL;S
BD_7250;2038;3;1376;NULL;Min
BD_7250;2047;4;1377;1398;PS
BD_7251;1650;1;1366;1398;PS
BD_7251;2072;2;NULL;1371;Max
BD_7251;2030;3;1372;NULL;S
BD_7251;2187;4;1373;NULL;Min
BD_7252;312;1;1366;1398;PS
BD_7253;1742;1;1366;1398;PS
BD_7253;2095;2;1366;1398;PS
BD_7254;1557;1;1366;1398;PS
BD_7254;1866;1;1366;1398;PS
BD_7255;788;1;1366;1387;PS
BD_7255;1836;2;NULL;1388;Max
BD_7255;2129;3;1389;NULL;S
BD_7255;500;4;1390;NULL;Min
BD_7256;146;1;1366;1398;PS
BD_7257;1699;1;1366;1398;PS
BD_7258;1516;1;1366;1398;PS
BD_7259;467;1;1366;1398;PS
BD_7259;2088;2;1366;1398;PS
BD_7259;1943;3;1366;1398;PS
BD_7260;1807;1;1366;1398;PS
BD_7261;1651;1;1366;1398;PS
BD_7262;1726;1;1366;1398;PS
BD_7263;1802;1;1366;1398;PS
BD_7263;2055;2;1366;1398;PS
BD_7264;1725;1;1366;1398;PS
BD_7264;2082;2;1366;1398;PS
BD_7265;1660;1;1366;1398;PS
BD_7266;1654;1;1366;1398;PS
BD_7267;1540;1;1366;1398;PS
BD_7268;1851;1;1366;1398;PS
BD_7268;1851;2;1366;1398;PS
BD_7268;2065;2;1366;1398;PS
BD_7269;1829;1;1366;1398;PS
BD_7269;287;2;1366;1398;PS
BD_7270;1858;1;1366;1398;PS
BD_7271;1528;1;1366;1398;PS
BD_7272;1528;1;1366;1398;PS
BD_7273;1856;1;1366;1398;PS
BD_7273;2203;2;1366;1398;PS
BD_7274;1526;1;1366;1398;PS
BD_7274;2260;2;1366;1398;PS
BD_7275;1689;1;1366;1398;PS
BD_7276;1500;1;1366;1398;PS
BD_7277;1767;1;1366;1398;PS
BD_7278;1767;1;1366;1369;PS
BD_7278;1585;2;1366;1369;PS
BD_7278;2113;3;1366;1369;PS
BD_7279;1526;1;NULL;1370;Max
BD_7279;1585;2;1371;NULL;S
BD_7279;2113;3;1372;NULL;Min
BD_7280;191;1;NULL;1381;Max
BD_7280;2042;2;1381;NULL;S
BD_7280;2139;3;1396;NULL;S
BD_7281;1585;1;1366;1398;PS
BD_7281;2113;2;1366;1398;PS
BD_7282;1835;1;NULL;1369;Max
BD_7282;2230;2;1370;NULL;S
BD_7282;2359;3;1371;NULL;Min
BD_7282;2229;3;1375;NULL;S
BD_7283;1800;1;1366;1398;PS
BD_7284;1847;1;1366;1398;PS
BD_7285;2360;1;1366;1398;PS
BD_7286;458;1;1366;1398;PS
BD_7287;1553;1;NULL;1379;Max
BD_7287;1585;2;1380;NULL;S
BD_7287;2096;3;1381;NULL;Min
BD_7287;2258;4;1382;1398;PS
BD_7288;1759;1;1366;1398;PS
BD_7289;1812;1;1366;1398;PS
BD_7289;2091;2;1366;1398;PS
BD_7290;1591;1;NULL;1375;Max
BD_7290;2204;2;1376;NULL;S
BD_7291;1537;1;1366;1398;PS
BD_7291;1523;2;1366;1398;PS
BD_7291;2087;2;1366;1398;PS
BD_7292;1539;1;1366;1398;PS
BD_7292;1628;1;1366;1398;PS
BD_7293;1719;1;1366;1398;PS
BD_7294;1676;1;1366;1398;PS
BD_7295;1290;1;1366;1398;PS
BD_7296;262;1;1366;1398;PS
BD_7297;1587;1;1366;1398;PS
BD_7298;1664;1;1366;1385;PS
BD_7298;2140;2;NULL;1386;Max
BD_7298;2028;3;1387;NULL;S
BD_7298;2049;4;1388;NULL;Min
BD_7299;76;1;1366;1398;PS
BD_7299;1841;1;1366;1398;PS
BD_7300;1586;1;1366;1398;PS
BD_7301;1711;1;1366;1398;PS
BD_7302;1607;1;1366;1398;PS
BD_7302;2210;2;1366;1398;PS
BD_7303;1768;1;1366;1398;PS
BD_7304;1541;1;1366;1398;PS
BD_7305;1798;1;1366;1398;PS
BD_7306;1629;1;1366;1398;PS
BD_7306;2048;2;1366;1398;PS
BD_7306;1239;3;1366;1398;PS
BD_7307;1824;1;1366;1398;PS
BD_7307;2105;2;1366;1398;PS
BD_7448;2017;1;1366;1398;PS
BD_7449;2017;1;1366;1398;PS
BD_7450;2017;1;1366;1398;PS
BD_7451;2017;1;1366;1398;PS
BD_7452;2017;1;1366;1398;PS
BD_7453;2017;1;1366;1398;PS
BD_7454;2017;1;1366;1398;PS
BD_7455;2017;1;1366;1398;PS
BD_7456;2017;1;1366;1398;PS
BD_7457;2017;1;1366;1398;PS
BD_7458;2017;1;1366;1398;PS
BD_7459;2017;1;1366;1398;PS
BD_7460;2017;1;1366;1398;PS
BD_7461;2017;1;1366;1398;PS
BD_7462;2017;1;1366;1398;PS
BD_7463;2017;1;1366;1398;PS
BD_7464;2017;1;1366;1398;PS
BD_7465;2017;1;1366;1398;PS
BD_7466;2017;1;1366;1398;PS
BD_7467;2017;1;1366;1398;PS
BD_7468;2017;1;1366;1398;PS
BD_7469;2017;1;1366;1398;PS
BD_7470;2017;1;1366;1398;PS
BND_7600;1914;1;1366;1398;PS
BND_7601;1873;1;1366;1398;PS
BND_7602;18;1;1366;1398;PS
BND_7603;1874;1;1366;1398;PS
BND_7604;1957;1;1366;1398;PS
BND_7604;1894;1;1366;1398;PS
BND_7605;583;1;1366;1398;PS
BND_7606;2012;1;1366;1398;PS
BND_7607;1908;1;1366;1398;PS
BND_7608;1941;1;1366;1398;PS
BND_7609;1039;1;1366;1398;PS
BND_7610;1887;1;1366;1398;PS
BND_7611;200;1;1366;1398;PS
BND_7612;1933;1;1366;1398;PS
BND_7613;1924;1;1366;1398;PS
BND_7614;1917;1;1366;1398;PS
BND_7615;1882;1;1366;1398;PS
BND_7616;1442;1;1366;1398;PS
BND_7617;341;1;1366;1398;PS
BND_7618;1920;1;1366;1398;PS
BND_7619;1984;1;1366;1398;PS
BND_7620;1935;1;1366;1398;PS
BND_7621;27;1;1366;1398;PS
BND_7622;2003;1;1366;1398;PS
BND_7623;1963;1;1366;1398;PS
BND_7624;2000;1;1366;1398;PS
BND_7625;1290;1;1366;1398;PS
BND_7626;1895;1;1366;1398;PS
BND_7627;18;1;1366;1398;PS
BND_7628;719;1;1366;1398;PS
BND_7629;1907;1;1366;1398;PS
BND_7630;1902;1;1366;1398;PS
BND_7631;420;1;1366;1398;PS
BND_7632;1955;1;1366;1398;PS
BND_7633;555;1;1366;1398;PS
BND_7634;1892;1;1366;1398;PS
BND_7635;1986;1;1366;1398;PS
BND_7636;1959;1;1366;1398;PS
BND_7637;1973;1;1366;1398;PS
BND_7638;1966;1;1366;1398;PS
BND_7639;1967;1;1366;1398;PS
BND_7640;343;1;1366;1398;PS
BND_7641;502;1;1366;1398;PS
BND_7642;1990;1;1366;1398;PS
BND_7643;1911;1;1366;1398;PS
BND_7644;1905;1;1366;1398;PS
BND_7645;1896;1;1366;1398;PS
BND_7646;1970;1;1366;1398;PS
BND_7647;1906;1;1366;1398;PS
BND_7648;1940;1;1366;1398;PS
BND_7649;1899;1;1366;1398;PS
BND_7650;1878;1;1366;1398;PS
BND_7651;1870;1;1366;1398;PS
BND_7652;1893;1;1366;1398;PS
BND_7653;1980;1;1366;1398;PS
BND_7654;1875;1;1366;1398;PS
BND_7655;1952;1;1366;1398;PS
BND_7656;1886;1;1366;1398;PS
BND_7657;1995;1;1366;1398;PS
BND_7658;1890;1;1366;1398;PS
BND_7659;1989;1;1366;1398;PS
BND_7660;1972;1;1366;1398;PS
BND_7662;1934;1;1366;1398;PS
BND_7664;1903;1;1366;1398;PS
BND_7665;1969;1;1366;1398;PS
BND_7666;1976;1;1366;1398;PS
BND_7667;1974;1;1366;1398;PS
BND_7668;1900;1;1366;1398;PS
BND_7669;1672;1;1366;1398;PS
BND_7670;1898;1;1366;1398;PS
BND_7671;1953;1;1366;1398;PS
BND_7672;1701;1;1366;1398;PS
BND_7674;1950;1;1366;1398;PS
BND_7674;1932;1;1366;1398;PS
BND_7675;1979;1;1366;1398;PS
BND_7676;1949;1;1366;1398;PS
BND_7677;1585;1;1366;1398;PS
BND_7678;1944;1;1366;1398;PS
BND_7679;1981;1;1366;1398;PS
BND_7680;1598;1;1366;1398;PS
BND_7681;1977;1;1366;1398;PS
BND_7682;1964;1;1366;1398;PS
BND_7683;1872;1;1366;1398;PS
BND_7684;1585;1;1366;1398;PS
BND_7685;1904;1;1366;1398;PS
BND_7686;1956;1;1366;1398;PS
BND_7687;1785;1;1366;1398;PS
BND_7688;2013;1;1366;1398;PS
BND_7689;657;1;1366;1398;PS
BND_7690;657;1;1366;1398;PS
BND_7691;1901;1;1366;1398;PS
BND_7692;1884;1;1366;1398;PS
BND_7693;1624;1;1366;1398;PS
BND_7693;719;1;1366;1398;PS
BND_7694;1921;1;1366;1398;PS
BND_7695;481;1;1366;1398;PS
BND_7696;1877;1;1366;1398;PS
BND_7697;1869;1;1366;1398;PS
BND_7698;2015;1;1366;1398;PS
BND_7699;1883;1;1366;1398;PS
BND_7700;1881;1;1366;1398;PS
BND_7701;1691;1;1366;1398;PS
BND_7702;1929;1;1366;1398;PS
BND_7703;1394;1;1366;1398;PS
BND_7704;1960;1;1366;1398;PS
BND_7705;1992;1;1366;1398;PS
BND_7706;1879;1;1366;1398;PS
BND_7707;739;1;1366;1398;PS
BND_7708;739;1;1366;1398;PS
BND_7709;2014;1;1366;1398;PS
BND_7710;1971;1;1366;1398;PS
BND_7711;1983;1;1366;1398;PS
BND_7712;697;1;1366;1398;PS
BND_7713;1665;1;1366;1398;PS
BND_7714;1958;1;1366;1398;PS
BND_7715;2016;1;1366;1398;PS
BND_7717;1919;1;1366;1398;PS
BND_7718;1916;1;1366;1398;PS
BND_7719;2002;1;1366;1398;PS
BND_7720;2008;1;1366;1398;PS
BND_7721;420;1;1366;1398;PS
BND_7722;1817;1;1366;1398;PS
BND_7723;2011;1;1366;1398;PS
BND_7724;1913;1;1366;1398;PS
BND_7725;2001;1;1366;1398;PS
BND_7726;1926;1;1366;1398;PS
BND_7727;1927;1;1366;1398;PS
BND_7728;1922;1;1366;1398;PS
BND_7729;1876;1;1366;1398;PS
BND_7730;1937;1;1366;1398;PS
BND_7731;788;1;1366;1398;PS
BND_7732;2005;1;1366;1398;PS
BND_7733;1750;1;1366;1398;PS
BND_7734;19;1;1366;1398;PS
BND_7735;1840;1;1366;1398;PS
BND_7736;1925;1;1366;1398;PS
BND_7737;1180;1;1366;1398;PS
BND_7738;1915;1;1366;1398;PS
BND_7739;1827;1;1366;1398;PS
BND_7740;113;1;1366;1398;PS
BND_7741;2006;1;1366;1398;PS
BND_7742;2010;1;1366;1398;PS
BND_7743;1811;1;1366;1398;PS
BND_7744;1909;1;1366;1398;PS
BND_7745;858;1;1366;1398;PS
BND_7746;2721;1;1366;1398;PS
BND_7747;1910;1;1366;1398;PS
BND_7748;1993;1;1366;1398;PS
BND_7749;1871;1;1366;1398;PS
BND_7750;1596;1;1366;1398;PS
BND_7751;1946;1;1366;1398;PS
BND_7752;1954;1;1366;1398;PS
BND_7753;1912;1;1366;1398;PS
BND_7754;2007;1;1366;1398;PS
BND_7755;1864;1;1366;1398;PS
BND_7756;2004;1;1366;1398;PS
BND_7757;1928;1;1366;1398;PS
BND_7758;1931;1;1366;1398;PS
BND_7759;1987;1;1366;1398;PS
BND_7760;533;1;1366;1398;PS
BND_7761;1942;1;1366;1398;PS
BND_7762;1939;1;1366;1398;PS
BND_7763;312;1;1366;1398;PS
BND_7764;1938;1;1366;1398;PS
BND_7765;1742;1;1366;1398;PS
BND_7766;1991;1;1366;1398;PS
BND_7767;1988;1;1366;1398;PS
BND_7768;1968;1;1366;1398;PS
BND_7769;550;1;1366;1398;PS
BND_7770;1918;1;1366;1398;PS
BND_7771;1454;1;1366;1398;PS
BND_7772;1888;1;1366;1398;PS
BND_7773;1943;1;1366;1398;PS
BND_7774;1435;1;1366;1398;PS
BND_7775;1290;1;1366;1398;PS
BND_7776;1947;1;1366;1398;PS
BND_7777;1999;1;1366;1398;PS
BND_7778;808;1;1366;1398;PS
BND_7779;1962;1;1366;1398;PS
BND_7780;2009;1;1366;1398;PS
BND_7781;1945;1;1366;1398;PS
BND_7782;1936;1;1366;1398;PS
BND_7783;50;1;1366;1398;PS
BND_7785;1975;1;1366;1398;PS
BND_7786;1985;1;1366;1398;PS
BND_7787;1965;1;1366;1398;PS
BND_7788;1880;1;1366;1398;PS
BND_7789;1676;1;1366;1398;PS
BND_7790;1930;1;1366;1398;PS
BND_7791;1923;1;1366;1398;PS
BND_7792;1868;1;1366;1398;PS
BND_7793;1961;1;1366;1398;PS
BND_7794;1978;1;1366;1398;PS
BND_7795;1982;1;1366;1398;PS
BND_7796;2017;1;1366;1398;PS
BND_7797;1951;1;1366;1398;PS
BND_7798;1798;1;1366;1398;PS
BND_7799;1897;1;1366;1398;PS
BND_7801;1889;1;1366;1398;PS
BND_7802;1998;1;1366;1398;PS
BND_7803;1997;1;1366;1398;PS
BND_7804;1891;1;1366;1398;PS
BND_7810;2487;1;1366;1398;PS
BND_7811;2017;1;1366;1398;PS
BND_7813;470;1;1366;1398;PS
BND_7814;481;1;1366;1398;PS
BND_7815;102;1;1366;1398;PS
BND_7816;2841;1;1366;1398;PS
BND_7817;1518;1;1366;1398;PS
